PROMOCION;MES;SKU ;PRODUCTO;LABORATORIO;FECHA;DESCUENTO
;25 DEL MES;22257;Apivita Express Beauty Face Mask Green Clay Sachets 2 X 8 Ml;APIVITA;25 DE February;25%
;25 DEL MES;22258;Apivita Express Beauty Face Mask Propolis Sachets 2 X 8 Ml;APIVITA;25 DE February;25%
;25 DEL MES;22259;Apivita Aqua Beelicious Booster Serum X 30Ml;APIVITA;25 DE February;25%
;25 DEL MES;22260;Apivita Aqua Beelicious Gel Contorno Ojos X 15Ml;APIVITA;25 DE February;25%
;25 DEL MES;22261;Apivita Aqua Beelicious Oil-Free Gel Crema X 40Ml;APIVITA;25 DE February;25%
;25 DEL MES;22262;Apivita Bee Radiant Contorno Ojos X 15Ml;APIVITA;25 DE February;25%
;25 DEL MES;22263;Apivita Bee Radiant Gel-Cream Light X 50Ml;APIVITA;25 DE February;25%
;25 DEL MES;22264;Apivita Bee Radiant Serum X 30Ml;APIVITA;25 DE February;25%
;25 DEL MES;22265;Apivita Black Detox Cleansing Face & Eyes Gel X 150 Ml;APIVITA;25 DE February;25%
;25 DEL MES;22266;Apivita Cleansing Face & Eyes Creamy Foam X 200Ml;APIVITA;25 DE February;25%
;25 DEL MES;22267;Apivita Express Beauty Eye Mask Ginkgo Biloba Sachets 2 X 2 Ml;APIVITA;25 DE February;25%
;25 DEL MES;22268;Apivita Express Beauty Face Mask Aloe Sachets 2 X 8Ml;APIVITA;25 DE February;25%
;25 DEL MES;22269;Apivita Express Beauty Face Mask Cucumber Sachets 2 X 8Ml;APIVITA;25 DE February;25%
;25 DEL MES;22270;Apivita Express Beauty Face Mask Grape Sachets 2 X 8Ml;APIVITA;25 DE February;25%
;25 DEL MES;22271;Apivita Express Beauty Face Mask Olive Sachets 2 X 8Ml;APIVITA;25 DE February;25%
;25 DEL MES;22272;Apivita Express Beauty Face Mask Orange Sachets 2 X 8Ml;APIVITA;25 DE February;25%
;25 DEL MES;22273;Apivita Express Beauty Face Mask Prickly Pear Sachets 2 X 8Ml;APIVITA;25 DE February;25%
;25 DEL MES;22274;Apivita Express Beauty Face Mask Royal Jelly Sachtes 2 X 8Ml;APIVITA;25 DE February;25%
;25 DEL MES;22275;Apivita Hand Cream Dry-Chapped Hands X 50Ml;APIVITA;25 DE February;25%
;25 DEL MES;22276;Apivita Hand Cream Intensive Moisturizing X 50Ml;APIVITA;25 DE February;25%
;25 DEL MES;22277;Apivita Men’S Tonic Shampoo - Anticaída X 250 Ml;APIVITA;25 DE February;25%
;25 DEL MES;22278;Apivita Moisturizing Hair Mask X 200 Ml;APIVITA;25 DE February;25%
;25 DEL MES;22279;Apivita Hydration Moisturizing Shampoo X 250 Ml;APIVITA;25 DE February;25%
;25 DEL MES;22280;Apivita Oily Roots & Dry Ends Shampoo X 250 Ml;APIVITA;25 DE February;25%
;25 DEL MES;22281;Apivita Purifying Cleansing Gel Face X 200Ml;APIVITA;25 DE February;25%
;25 DEL MES;22282;Apivita Shampoo Daily Care X 250 Ml;APIVITA;25 DE February;25%
;25 DEL MES;22283;Apivita Wine Elixir Anti-Wrinkle Cream Light X 50 Ml;APIVITA;25 DE February;25%
;25 DEL MES;22284;Apivita Wine Elixir Anti-Wrinkle Eye And Lip Contour X 15 Ml;APIVITA;25 DE February;25%
;25 DEL MES;22285;Apivita Wine Elixir Anti-Wrinkle Serum X30 Ml;APIVITA;25 DE February;25%
;25 DEL MES;22286;Apivita Women’S Tonic Shampoo Anticaída X 250 Ml;APIVITA;25 DE February;25%
;25 DEL MES;22303;Apivita Daily Care Conditioner X 150 Ml;APIVITA;25 DE February;25%
;25 DEL MES;22304;Apivita Moisturizing Conditioner X 150 Ml;APIVITA;25 DE February;25%
;25 DEL MES;22305;Apivita Tonic Thinning Hair Conditioner X 150 Ml;APIVITA;25 DE February;25%
;25 DEL MES;22325;Apivita Color Seal Color Protect Conditioner X 150 Ml;APIVITA;25 DE February;25%
;25 DEL MES;22325;Apivita Color Seal Color Protect Hair Mask X 200 Ml;APIVITA;25 DE February;25%
;25 DEL MES;22326;Apivita Color Seal Color Protect Shampoo X 250 Ml;APIVITA;25 DE February;25%
;25 DEL MES;22327;Apivita Cleansing Milk 3 En 1 - Face & Eyes X 200 Ml;APIVITA;25 DE February;25%
;25 DEL MES;04006;Photoderm Akn Mat Spf 30 X 40 Ml Bioderma;BIODERMA;25 DE February;25%
;25 DEL MES;04010;Photoderm Spray 50+ X 200 Ml Bioderma;BIODERMA;25 DE February;25%
;25 DEL MES;04012;Sebium Gel X 200 Ml Bioderma;BIODERMA;25 DE February;25%
;25 DEL MES;04014;Sebium H2O X 250 Ml Bioderma;BIODERMA;25 DE February;25%
;25 DEL MES;04015;Sensibio Forte Crema X 40 Ml Bioderma;BIODERMA;25 DE February;25%
;25 DEL MES;04016;Sensibio H2O Solucion X 250 Ml Bioderma;BIODERMA;25 DE February;25%
;25 DEL MES;04017;Sensibio H2O X 500 Ml Bioderma;BIODERMA;25 DE February;25%
;25 DEL MES;04018;Sensibio Ar X 40 Ml Bioderma;BIODERMA;25 DE February;25%
;25 DEL MES;04019;Sensibio Ds X 40 Ml Bioderma;BIODERMA;25 DE February;25%
;25 DEL MES;04020;Sensibio Eye Contorno Ojos X 15 Ml Bioderma;BIODERMA;25 DE February;25%
;25 DEL MES;04021;Hydrabio Serum X 40 Ml Bioderma;BIODERMA;25 DE February;25%
;25 DEL MES;04024;Atoderm Crema Ultra X 500 Ml Bioderma;BIODERMA;25 DE February;25%
;25 DEL MES;04025;Sensibio H20 X 100 Ml Bioderma;BIODERMA;25 DE February;25%
;25 DEL MES;04027;Sebium Pore Refiner X 30 Ml Bioderma;BIODERMA;25 DE February;25%
;25 DEL MES;04029;Sebium Hydra Cr X 40 Ml Bioderma;BIODERMA;25 DE February;25%
;25 DEL MES;04031;Atoderm Gel Douche X 1 Lt Bioderma;BIODERMA;25 DE February;25%
;25 DEL MES;4032;Photoderm Bronz Spf 30+ X 200 Ml;BIODERMA;25 DE February;25%
;25 DEL MES;04039;Sebium Gel X 100 Ml Bioderma;BIODERMA;25 DE February;25%
;25 DEL MES;04047;Sensibio Ar Bb Cream X 40 Ml Bioderma;BIODERMA;25 DE February;25%
;25 DEL MES;04048;Atoderm Gel Douche X 100 Ml Bioderma;BIODERMA;25 DE February;25%
;25 DEL MES;04052;Sebium Global Crema X 30 Ml Bioderma;BIODERMA;25 DE February;25%
;25 DEL MES;04057;Sensibio Light X 40 Ml Bioderma;BIODERMA;25 DE February;25%
;25 DEL MES;04058;Hydrabio H2O X 250 Ml Bioderma;BIODERMA;25 DE February;25%
;25 DEL MES;04063;Photoderm Aquafluido Spf50+ Sin Color X 40Ml Bioderma;BIODERMA;25 DE February;25%
;25 DEL MES;04064;Photoderm Aquafluido Spf50+ Tono Claro Light X 40Ml Bioderma;BIODERMA;25 DE February;25%
;25 DEL MES;04072;Hydrabio Crema X 50Ml Bioderma;BIODERMA;25 DE February;25%
;25 DEL MES;04074;Hydrabio Perfecteur Spf30 X 40Ml Bioderma;BIODERMA;25 DE February;25%
;25 DEL MES;04075;Cicabio Spf50+ X 30Ml Bioderma;BIODERMA;25 DE February;25%
;25 DEL MES;04076;Sensibio Gel Moussant X 200Ml Bioderma;BIODERMA;25 DE February;25%
;25 DEL MES;04077;Photoderm M Spf50+ Teinte Doree X 40Ml Bioderma;BIODERMA;25 DE February;25%
;25 DEL MES;04079;Sebium H2O X 500 Ml Bioderma;BIODERMA;25 DE February;25%
;25 DEL MES;04080;Atoderm Intensive Baume X 500Ml Bioderma;BIODERMA;25 DE February;25%
;25 DEL MES;04083;Sebium H2O X 100 Ml Bioderma;BIODERMA;25 DE February;25%
;25 DEL MES;04084;Photoderm Nude Touch Claire Light Tinte Spf 50+ X40Ml Bioderma;BIODERMA;25 DE February;25%
;25 DEL MES;04085;Sensibio H2O X 250 2 Und + Porta Pomis + Muestra De Sensibio Ojos;BIODERMA;25 DE February;25%
;25 DEL MES;04087;Sensibio H2O Toallitas X 25 Unidades Bioderma;BIODERMA;25 DE February;25%
;25 DEL MES;04089;Sebium Gel X 500 Ml Bioderma;BIODERMA;25 DE February;25%
;25 DEL MES;04090;Photoderm Nude Touch Very Ligth Tinte Spf 50+ X 40 Ml Bioderma;BIODERMA;25 DE February;25%
;25 DEL MES;04091;Photoderm Nude Touch Dore Tinte Spf 50+ 40 Ml Bioderma;BIODERMA;25 DE February;25%
;25 DEL MES;04095;Atoderm Aceite De Ducha X 1 Litro Bioderma;BIODERMA;25 DE February;25%
;25 DEL MES;04096;Atoderm Aceite De Ducha X 100 Ml Bioderma;BIODERMA;25 DE February;25%
;25 DEL MES;04100;Atoderm Sos Spray X 50 Ml;BIODERMA;25 DE February;25%
;25 DEL MES;04101;Atoderm Sos Spray X 200 Ml Bioderma;BIODERMA;25 DE February;25%
;25 DEL MES;04102;Photoderm Spot Age Spf 50 X 40 Ml Bioderma;BIODERMA;25 DE February;25%
;25 DEL MES;04103;Sensibio Ds Gel Limpiador X 200Ml Bioderma;BIODERMA;25 DE February;25%
;25 DEL MES;04106;Sebium Mat Control X 30 Ml Bioderma;BIODERMA;25 DE February;25%
;25 DEL MES;04110;Osmoclean Creme Douce Desincrustante X 75Ml Esthederm;BIODERMA;25 DE February;25%
;25 DEL MES;04139;Pigmentbio Sensitive Areas X 75 Ml Bioderma;BIODERMA;25 DE February;25%
;25 DEL MES;04140;Pigmentbio C-Concentrate X 15 Ml Bioderma;BIODERMA;25 DE February;25%
;25 DEL MES;04141;Pigmentbio H2O X 250 Ml Bioderma;BIODERMA;25 DE February;25%
;25 DEL MES;04142;Pigmentbio Foaming Cream X 200 Ml Bioderma;BIODERMA;25 DE February;25%
;25 DEL MES;04143;Pigmentbio Nigth Renewer X 50 Ml Bioderma;BIODERMA;25 DE February;25%
;25 DEL MES;4144;Sensibio Gel Moussant X 500Ml Bioderma;BIODERMA;25 DE February;25%
;25 DEL MES;04145;Photoderm Cover Touch Claire X 40Ml Bioderma;BIODERMA;25 DE February;25%
;25 DEL MES;04146;Photoderm Cover Touch Dore X 40Ml Bioderma;BIODERMA;25 DE February;25%
;25 DEL MES;04147;Atoderm Gel Douche X 500Ml Bioderma;BIODERMA;25 DE February;25%
;25 DEL MES;04004;Atoderm Intensive Gel Creme X 500Ml Bioderma;BIODERMA;25 DE February;25%
;25 DEL MES;04149;Atoderm Gel Douche X 200 Ml Bioderma;BIODERMA;25 DE February;25%
;25 DEL MES;04150;Sensibio Gel Moussant X 100Ml Bioderma;BIODERMA;25 DE February;25%
;25 DEL MES;04151;Atoderm Crema X 200 Ml Bioderma;BIODERMA;25 DE February;25%
;25 DEL MES;04152;Atoderm Intensive Gel Crema X 200 Ml Bioderma;BIODERMA;25 DE February;25%
;25 DEL MES;04156;Photoderm Max 100 Fluide Invisible X 40 Ml Bioderma;BIODERMA;25 DE February;25%
;25 DEL MES;04157;Photoderm Max 100 Fluide Claro X 40 Ml Bioderma;BIODERMA;25 DE February;25%
;25 DEL MES;04158;Photoderm Max 100 Fluide Muy Claro X 40 Ml Bioderma;BIODERMA;25 DE February;25%
;25 DEL MES;04159;Sebium Actif Gel Moussant X 200 Ml Bioderma;BIODERMA;25 DE February;25%
;25 DEL MES;04163;Sensibio H2O Ojos Desmaquillante Bifasico X 125 Ml Bioderma;BIODERMA;25 DE February;25%
;25 DEL MES;04164;Sensibio Defensive X 40 Ml Bioderma;BIODERMA;25 DE February;25%
;25 DEL MES;04165;Sensibio Defensive Rich X 40 Ml Bioderma;BIODERMA;25 DE February;25%
;25 DEL MES;04166;Photoderm M Spf50+ Teinte Claire X 40Ml Bioderma;BIODERMA;25 DE February;25%
;25 DEL MES;04004;Atoderm Pain Surgras X 150 Gr Bioderma;BIODERMA;25 DE February;25%
;25 DEL MES;04005;Node D.S Shampoo X 125 Ml Bioderma;BIODERMA;25 DE February;25%
;25 DEL MES;04167;Sebium Gel Tubo X 200 Ml Bioderma;BIODERMA;25 DE February;25%
;25 DEL MES;04168;Sensibio Defensive Serum X 30 Ml Bioderma;BIODERMA;25 DE February;25%
;25 DEL MES;12043;Cetaphil Barra Limpieza Profunda X 127 Gr Galderma;CETAPHIL- GALDERMA;25 DE February;25%
;25 DEL MES;12007;Cetaphil Barra X 127 Gr Galderma;CETAPHIL- GALDERMA;25 DE February;25%
;25 DEL MES;12061;Cetaphil Crema Facial Noche X 48 Gr Galderma;CETAPHIL- GALDERMA;25 DE February;25%
;25 DEL MES;12010;Cetaphil Crema Hidratan. X 453 Gr Galderma;CETAPHIL- GALDERMA;25 DE February;25%
;25 DEL MES;12011;Cetaphil Emulsion Hidratante X 473 Ml Galderma;CETAPHIL- GALDERMA;25 DE February;25%
;25 DEL MES;12068;Cetaphil Healthy Hygiene Crema Protectora X 50Ml;CETAPHIL- GALDERMA;25 DE February;25%
;25 DEL MES;12067;Cetaphil Healthy Hygiene Limpiador Líquido X 237 Ml;CETAPHIL- GALDERMA;25 DE February;25%
;25 DEL MES;12044;Cetaphil Hidratante Facial Diario Spf 50 X 50 Ml Galderma;CETAPHIL- GALDERMA;25 DE February;25%
;25 DEL MES;12012;Cetaphil Limpiador Piel Sens.X 473 Ml Galderma;CETAPHIL- GALDERMA;25 DE February;25%
;25 DEL MES;12036;Cetaphil Limpiador Piel Sensible. X 237 Ml Galderma;CETAPHIL- GALDERMA;25 DE February;25%
;25 DEL MES;12062;Cetaphil Locion Hidratante De Dia X 88 Gr Galderma;CETAPHIL- GALDERMA;25 DE February;25%
;25 DEL MES;12041;Cetaphil Locion Ultra Humectante X 473 Galderma;CETAPHIL- GALDERMA;25 DE February;25%
;25 DEL MES;12071;Cetaphil Optimal Hydration Contorno De Ojos X 15 Ml Galderma;CETAPHIL- GALDERMA;25 DE February;25%
;25 DEL MES;12072;Cetaphil Optimal Hydration Crema Facial Dia X 48 Gr Galderma;CETAPHIL- GALDERMA;25 DE February;25%
;25 DEL MES;12075;Cetaphil Optimal Hydration Crema Noche X 48 Gr Galderma;CETAPHIL- GALDERMA;25 DE February;25%
;25 DEL MES;12073;Cetaphil Optimal Hydration Serum Facial 48H X 30 Ml Galderma;CETAPHIL- GALDERMA;25 DE February;25%
;25 DEL MES;12015;Cetaphil Piel Grasa X 237 Ml Galderma;CETAPHIL- GALDERMA;25 DE February;25%
;25 DEL MES;12045;Cetaphil Pro Ac Control Hidrat Spf 30 X 118 Ml Galderma;CETAPHIL- GALDERMA;25 DE February;25%
;25 DEL MES;12046;Cetaphil Pro Ac Espuma Dermacontrol X 236 Ml Galderma;CETAPHIL- GALDERMA;25 DE February;25%
;25 DEL MES;12040;Cetaphil Pro Ad Hidratante X 295 Ml Galderma;CETAPHIL- GALDERMA;25 DE February;25%
;25 DEL MES;12039;Cetaphil Pro Ad Limpiador 295 Ml Galderma;CETAPHIL- GALDERMA;25 DE February;25%
;25 DEL MES;12078;Cetaphil Pro Ar Calm Control Crema Spf30 X 50 Gr Galderma;CETAPHIL- GALDERMA;25 DE February;25%
;25 DEL MES;12077;Cetaphil Pro Ar Calm Control Espuma Limpiadora X 236 Ml Galderma;CETAPHIL- GALDERMA;25 DE February;25%
;25 DEL MES;120063;Cetaphil Sun 50+ Ultra Matte X 50Ml Oil Control Galderma;CETAPHIL- GALDERMA;25 DE February;25%
;25 DEL MES;120064;Cetaphil Sun 50+ Color Ultra Matte X 50Ml Oil Control Galderma;CETAPHIL- GALDERMA;25 DE February;25%
;25 DEL MES;120065;Cetaphil Sun 50+ Gel Ligero Facial Y Corporal X 50 Ml;CETAPHIL- GALDERMA;25 DE February;25%
;25 DEL MES;12049;Cetaphil Sun Fps 50+ Gel Ligero X 100 Ml;CETAPHIL- GALDERMA;25 DE February;25%
;25 DEL MES;12050;Cetaphil Sun Kids Spf 50 X 150 Ml Galderma;CETAPHIL- GALDERMA;25 DE February;25%
;25 DEL MES;12033;Cetaphil Ultra Humectante X 226 Gr Galderma;CETAPHIL- GALDERMA;25 DE February;25%
;25 DEL MES;12079;Cetaphil Optimal Hydration Water Gel X 48 Gr Galderma;CETAPHIL- GALDERMA;25 DE February;25%
;25 DEL MES;12080;Cetaphil Healthy Renew Ojos X 15 Gr Galderma;CETAPHIL- GALDERMA;25 DE February;25%
;25 DEL MES;12081;Cetaphil Healthy Renew Serum Facial X 30 Gr Galderma;CETAPHIL- GALDERMA;25 DE February;25%
;25 DEL MES;12082;Cetaphil Healthy Renew Crema De Noche X 50 Gr Galderma;CETAPHIL- GALDERMA;25 DE February;25%
;25 DEL MES;12083;Cetaphil Gel Crema Calmante X 226 Gr Galderma;CETAPHIL- GALDERMA;25 DE February;25%
;25 DEL MES;12163;Cetaphil Piel Grasa X 473 Ml Galderma;CETAPHIL- GALDERMA;25 DE February;25%
;25 DEL MES;12070;Cetaphil Urea 20% Crema Hidratante Restauradora X 296 Ml Galderma;CETAPHIL- GALDERMA;25 DE February;25%
;25 DEL MES;80045;Vitix Tabletas X 30 Unidades Ecopharma;ECOPHARMA COLOMBIA;25 DE February;25%
;25 DEL MES;80070;Sebionex Locion Micelar X 250 Ml Ecopharma;ECOPHARMA COLOMBIA;25 DE February;25%
;25 DEL MES;80071;Medisun Crema Mineral Light Spf 50+ X 40 Ml Ecopharma;ECOPHARMA COLOMBIA;25 DE February;25%
;25 DEL MES;80072;Boreade CL Limpiador X 200 Ml Ecopharma;ECOPHARMA COLOMBIA;25 DE February;25%
;25 DEL MES;80040;Bioxet Gel Reductor De Vello Corporal X 60Ml Ecopharma;ECOPHARMA COLOMBIA;25 DE February;25%
;25 DEL MES;80041;Bioxet Gel Reductor De Vello Facial X 30Ml Ecopharma;ECOPHARMA COLOMBIA;25 DE February;25%
;25 DEL MES;80067;Boreade Global-Antiimperfecciones X 40 Ml Ecopharma;ECOPHARMA COLOMBIA;25 DE February;25%
;25 DEL MES;80068;Boreade M Seborregulador Matificante X 40 Ml Ecopharma;ECOPHARMA COLOMBIA;25 DE February;25%
;25 DEL MES;80069;Boreade SL Alisante X 40 Ml Ecopharma;ECOPHARMA COLOMBIA;25 DE February;25%
;25 DEL MES;80007;Cicastim Crema X 20Ml Ecopharma;ECOPHARMA COLOMBIA;25 DE February;25%
;25 DEL MES;80001;Depiwhite Advanced Crema X 40Ml Ecopharma;ECOPHARMA COLOMBIA;25 DE February;25%
;25 DEL MES;80006;Depiwhite Body Milk X 200Ml Ecopharma;ECOPHARMA COLOMBIA;25 DE February;25%
;25 DEL MES;80003;Depiwhite Contorno De Ojos Gel X 15Ml Ecopharma;ECOPHARMA COLOMBIA;25 DE February;25%
;25 DEL MES;80005;Depiwhite Dia Spf 20 X 40Ml Ecopharma;ECOPHARMA COLOMBIA;25 DE February;25%
;25 DEL MES;80051;Depiwhite M Spf 50+ X 40Ml Ecopharma;ECOPHARMA COLOMBIA;25 DE February;25%
;25 DEL MES;80004;Depiwhite Peel Off Mask X 40 Ml Ecopharma;ECOPHARMA COLOMBIA;25 DE February;25%
;25 DEL MES;80044;Duolys C.E Serum Antioxidante X 15Ml Ecopharma;ECOPHARMA COLOMBIA;25 DE February;25%
;25 DEL MES;80048;Duolys Contorno De Ojos En Crema X 15Ml Ecopharma;ECOPHARMA COLOMBIA;25 DE February;25%
;25 DEL MES;80047;Duolys Hyalserum Intensivo Antioxidante X 15Ml Ecopharma;ECOPHARMA COLOMBIA;25 DE February;25%
;25 DEL MES;80050;Duolys Legere X 40 Ml Ecopharma;ECOPHARMA COLOMBIA;25 DE February;25%
;25 DEL MES;80049;Duolys Spf 50+Crema Solaire Antiage X 50 Ml Ecopharma;ECOPHARMA COLOMBIA;25 DE February;25%
;25 DEL MES;80064;Duolys.A Antiarrugas X 30 Ml Ecopharma;ECOPHARMA COLOMBIA;25 DE February;25%
;25 DEL MES;80021;Laviderm Bionic Complex Gel X 30 Ml;ECOPHARMA COLOMBIA;25 DE February;25%
;25 DEL MES;80022;Lavigor Regenhial Gel X 50 Ml Ecopharma;ECOPHARMA COLOMBIA;25 DE February;25%
;25 DEL MES;80066;Medisun Gel Matificante Spf 50+ X 40 Ml Ecopharma;ECOPHARMA COLOMBIA;25 DE February;25%
;25 DEL MES;80065;Medisun Spray Spf 50+ X 200 Ml Ecopharma;ECOPHARMA COLOMBIA;25 DE February;25%
;25 DEL MES;80011;Novophane Ds Champu X 125 Ml Ecopharma;ECOPHARMA COLOMBIA;25 DE February;25%
;25 DEL MES;80010;Novophane Energizante Shampoo X 200 Ml Ecopharma;ECOPHARMA COLOMBIA;25 DE February;25%
;25 DEL MES;80009;Novophane K Champu X 125 Ml Ecopharma;ECOPHARMA COLOMBIA;25 DE February;25%
;25 DEL MES;80008;Novophane Locion Capilar X 100 Ml;ECOPHARMA COLOMBIA;25 DE February;25%
;25 DEL MES;80025;Novophane Sebo Regulador Shampoo X 200 Ml Ecopharma;ECOPHARMA COLOMBIA;25 DE February;25%
;25 DEL MES;80046;Novophane X 60 Capsulas Ecopharma;ECOPHARMA COLOMBIA;25 DE February;25%
;25 DEL MES;80052;Sebionex Actimat X 40 Ml Ecopharma;ECOPHARMA COLOMBIA;25 DE February;25%
;25 DEL MES;80027;Sebionex Foaming Gel X 200Ml Ecopharma;ECOPHARMA COLOMBIA;25 DE February;25%
;25 DEL MES;80037;Sebionex K Crema X 40 Ml Ecopharma;ECOPHARMA COLOMBIA;25 DE February;25%
;25 DEL MES;80029;Sebionex Trio Crema Correctiva X 40 Ml Ecopharma;ECOPHARMA COLOMBIA;25 DE February;25%
;25 DEL MES;80030;Sensitelial Locion Micelar X 250 Ml Ecopharma;ECOPHARMA COLOMBIA;25 DE February;25%
;25 DEL MES;80031;Sensitelial Matificante Gel Spf 50 X 40 Ml;ECOPHARMA COLOMBIA;25 DE February;25%
;25 DEL MES;80054;Sensitelial Mineral 50+ Tinte Oferta;ECOPHARMA COLOMBIA;25 DE February;25%
;25 DEL MES;80013;Viticolor Gel Camouflage X 50 Ml Ecopharma;ECOPHARMA COLOMBIA;25 DE February;25%
;25 DEL MES;10001;Aceite De Ducha X 200 Ml Eucerin;EUCERIN;25 DE February;25%
;25 DEL MES;10009;Dermopure Oil Control Gel Limpiador Facial X 200 Ml Eucerin;EUCERIN;25 DE February;25%
;25 DEL MES;100104;Pomitos Desmaquillantes X 50 Unidades Eucerin;EUCERIN;25 DE February;25%
;25 DEL MES;10011;Hyaluron Filler Dia X 50 Ml Eucerin;EUCERIN;25 DE February;25%
;25 DEL MES;10012;Hyaluron Filler Noche X 50 Ml Eucerin;EUCERIN;25 DE February;25%
;25 DEL MES;10013;Hyaluron Filler Contorno De Ojos X 15 Ml Eucerin;EUCERIN;25 DE February;25%
;25 DEL MES;10016;Protector Labial X 4.8 Gr Eucerin;EUCERIN;25 DE February;25%
;25 DEL MES;10017;Crema Reparadora Para Pies 10% X 100 Ml Eucerin;EUCERIN;25 DE February;25%
;25 DEL MES;10020;Ph5 Crema Rostro X 75 Ml Eucerin;EUCERIN;25 DE February;25%
;25 DEL MES;10021;Ph5 Locion X 250 Ml Eucerin;EUCERIN;25 DE February;25%
;25 DEL MES;10025;Ph5 Syndet Gel X 250Ml Eucerin;EUCERIN;25 DE February;25%
;25 DEL MES;10026;Q10 Active Crema Facial Dia X 50 Ml Eucerin;EUCERIN;25 DE February;25%
;25 DEL MES;10027;Q10 Active Crema Facial Noche X 50 Gr Eucerin;EUCERIN;25 DE February;25%
;25 DEL MES;10029;Q10 Ojos X 15 Ml Eucerin;EUCERIN;25 DE February;25%
;25 DEL MES;10037;Hidrofugal Classic Barra X 40Gr Eucerin;EUCERIN;25 DE February;25%
;25 DEL MES;10038;Hidrofugal Forte X 30 Ml Eucerin;EUCERIN;25 DE February;25%
;25 DEL MES;10039;Hidrofugal Roll-On X 50 Ml Eucerin;EUCERIN;25 DE February;25%
;25 DEL MES;10047;Dermopure Exfoliante Piel Grasa X 100 Ml Eucerin;EUCERIN;25 DE February;25%
;25 DEL MES;10049;Sun Lotion Textura Muy Ligera Spf 50 X 150 Ml Eucerin;EUCERIN;25 DE February;25%
;25 DEL MES;10050;Sun Crema Gel Antiedad Tono Medio Spf 50 Photoaging X 50Ml Eucerin;EUCERIN;25 DE February;25%
;25 DEL MES;10051;Sun Lotion Kids Spf 50+ X 150 Ml Eucerin;EUCERIN;25 DE February;25%
;25 DEL MES;10052;Higiene Intima Jabon Liquido X 250Ml Eucerin;EUCERIN;25 DE February;25%
;25 DEL MES;10063;Baby Baño Y Shampoo X 240 Ml Eucerin;EUCERIN;25 DE February;25%
;25 DEL MES;10073;Ph5 Locion X 400 Ml Eucerin;EUCERIN;25 DE February;25%
;25 DEL MES;10074;Dermopure Fluido Hidra Matificante X 50 Ml Eucerin;EUCERIN;25 DE February;25%
;25 DEL MES;10075;Urea Repair Plus 10% Locion X 250 Ml Eucerin;EUCERIN;25 DE February;25%
;25 DEL MES;10076;Hyaluron Filler Crema Facial Fps 15 Piel Normal A Mixta X 50 Ml Eucerin;EUCERIN;25 DE February;25%
;25 DEL MES;10095;Da Control Cr Cuidado Intensivo X 40 Gr Eucerin;EUCERIN;25 DE February;25%
;25 DEL MES;10107;Sun Toque Seco Oil Control Spf 50+ X 50 Ml Eucerin;EUCERIN;25 DE February;25%
;25 DEL MES;10108;Sun Fluido Antiedad Spf 50 Photoaging X 50 Ml Eucerin;EUCERIN;25 DE February;25%
;25 DEL MES;10109;Dermopure Oil Control Crema Intensiva De Noche X 40 Ml Eucerin;EUCERIN;25 DE February;25%
;25 DEL MES;10110;Dermopure Oil Control Agua Micelar X 200Ml Eucerin;EUCERIN;25 DE February;25%
;25 DEL MES;10114;Ph5 Crema Intensiva X 450 Ml Eucerin;EUCERIN;25 DE February;25%
;25 DEL MES;10115;Hyaluron Filler+Elasticity Spf 15 Dia X 50 Ml Eucerin;EUCERIN;25 DE February;25%
;25 DEL MES;10116;Hyaluron Filler+Elasticity Noche X 50 Ml Eucerin;EUCERIN;25 DE February;25%
;25 DEL MES;10126;Antipigment Crema Dia Facialx 50Ml Eucerin;EUCERIN;25 DE February;25%
;25 DEL MES;10127;Antipigment Suero Dual X 30Ml Eucerin;EUCERIN;25 DE February;25%
;25 DEL MES;10129;Antipigment Crema Noche X 50Ml Eucerin;EUCERIN;25 DE February;25%
;25 DEL MES;10128;Sun Pigment Control Spf 50 X 50Ml Eucerin;EUCERIN;25 DE February;25%
;25 DEL MES;10130;Hyaluron Filler Elasticity Contorno De Ojos X 15Ml Eucerin;EUCERIN;25 DE February;25%
;25 DEL MES;10131;Hyaluron Filler Hydrating Booster Gel X 30Ml Eucerin;EUCERIN;25 DE February;25%
;25 DEL MES;10138;Hyaluron Mist Spray Facial X 150 Ml Eucerin;EUCERIN;25 DE February;25%
;25 DEL MES;10139;Sun Gel Cream Toque Seco Corporal Spf50+ X 200Ml Eucerin;EUCERIN;25 DE February;25%
;25 DEL MES;10140;Aquaphor Pomada Reparadora Pote X 97 Gr Eucerin;EUCERIN;25 DE February;25%
;25 DEL MES;10142;Aceite De Ducha X 400 Ml Eucerin;EUCERIN;25 DE February;25%
;25 DEL MES;10144;Hyaluron Filler+ Elasticity 3D Serum X 30Ml Eucerin;EUCERIN;25 DE February;25%
;25 DEL MES;10145;Hyaluron Filler Pore Minimizer Serum X 30Ml;EUCERIN;25 DE February;25%
;25 DEL MES;10146;Antipigment Crema De Manos Fps30 X 75 Ml Eucerin;EUCERIN;25 DE February;25%
;25 DEL MES;10147;Aquaphor Reparación De Labios X 10 Ml Eucerin;EUCERIN;25 DE February;25%
;25 DEL MES;10148;Sun Toque Seco Color Tono Medio Spf 50+ X 50Ml Eucerin;EUCERIN;25 DE February;25%
;25 DEL MES;10149;Sun Toque Seco Color Tono Claro Spf 50+ X 50Ml Eucerin;EUCERIN;25 DE February;25%
;25 DEL MES;10150;Ph5 Advance Repair X 450 Ml Eucerin;EUCERIN;25 DE February;25%
;25 DEL MES;10151;Dermopure Oil Control Triple Effect Serum X 40 Ml Eucerin;EUCERIN;25 DE February;25%
;25 DEL MES;10153;Antipigment Ultra Light Serum X 30 Ml Eucerin;EUCERIN;25 DE February;25%
;25 DEL MES;10154;Euc Ph5 Syndent Gel X 400 Eucerin;EUCERIN;25 DE February;25%
;25 DEL MES;10155;Sun Pigment Control Tono Medio Spf 50 X 50Ml Eucerin;EUCERIN;25 DE February;25%
;25 DEL MES;10156;Dermopure Oil Control Gel Limpiador Facial X 400 Ml Eucerin;EUCERIN;25 DE February;25%
;25 DEL MES;10157;Sun Antiedad Tono Claro Spf 50 X 50Ml Eucerin;EUCERIN;25 DE February;25%
;25 DEL MES;10163;Sun Kids Sensitive Protect Toque Seco Spf 50 X 200 Ml Eucerin;EUCERIN;25 DE February;25%
;25 DEL MES;10164;Anti Pigment Contorno De Ojos X 15 Ml Eucerin;EUCERIN;25 DE February;25%
;25 DEL MES;10158;Hyaluron Filler Triple Efecto Gel X 50 Ml Eucerin;EUCERIN;25 DE February;25%
;25 DEL MES;18119;Aquaphor Pomada Reparadora X 49 Gr Eucerin;EUCERIN;25 DE February;25%
;25 DEL MES;10159;Ph5 Light Gel X 200 Ml Eucerin;EUCERIN;25 DE February;25%
;25 DEL MES;10160;Sun Face Hydro Fluid Spf 50+ X 50Ml Eucerin;EUCERIN;25 DE February;25%
;25 DEL MES;10162;Sun Pigment Control Tono Claro Spf 50 X 50Ml Eucerin;EUCERIN;25 DE February;25%
;25 DEL MES;33002;Cs Cleaner Limpiador Suave X 250 Ml Fagron;FAGRON;25 DE February;25%
;25 DEL MES;33003;Fresh Skin Body X 250 Ml Fagron;FAGRON;25 DE February;25%
;25 DEL MES;33004;Fresh Skin Face X 80 Gr Fagron;FAGRON;25 DE February;25%
;25 DEL MES;33006;Neocrin Champu Anticaida C-Graso X 250 Ml Fagron;FAGRON;25 DE February;25%
;25 DEL MES;33007;Neocrin Champu Anticaida C-Normal Seco X 250 Ml Fagron;FAGRON;25 DE February;25%
;25 DEL MES;33008;Sunglas Gel Spf 45 X 80 Gr Fagron;FAGRON;25 DE February;25%
;25 DEL MES;33009;Sunglass Kids Spf 45 X 80 Gr Fagron;FAGRON;25 DE February;25%
;25 DEL MES;33013;Neocrin Tonico Anticaida X 120 Ml;FAGRON;25 DE February;25%
;25 DEL MES;33027;Neocrin Mask X 240 Gr Fagron;FAGRON;25 DE February;25%
;25 DEL MES;33030;Neocrin Champu Anticaspa X 120 Ml Fagron;FAGRON;25 DE February;25%
;25 DEL MES;33041;Cs Cleaner Scrub X 120 Ml Fagron;FAGRON;25 DE February;25%
;25 DEL MES;33042;Cs Cleaner Oil Control X 200 Ml Fagron;FAGRON;25 DE February;25%
;25 DEL MES;33045;Filtroday Spf 50+ X 60 Gr Fagron;FAGRON;25 DE February;25%
;25 DEL MES;33046;Filtroday Color Spf 50 + X 60 G;FAGRON;25 DE February;25%
;25 DEL MES;33063;Neogen Shampo Neo Wash X 250 Ml Fagron;FAGRON;25 DE February;25%
;25 DEL MES;33064;Neogen Acondicionador Neo Cond X 250 Ml Fagron;FAGRON;25 DE February;25%
;25 DEL MES;33065;Neogen Serum Neo Serum X 150 Ml Fagron;FAGRON;25 DE February;25%
;25 DEL MES;33067;Neogen Tratamiento Intensivo Neo Serum X 40 Ml;FAGRON;25 DE February;25%
;25 DEL MES;33068;Urea 15% Ultrahidratante X 60 Gr;FAGRON;25 DE February;25%
;25 DEL MES;33069;Fresh Skin Ultra X 150 Gr Fagron;FAGRON;25 DE February;25%
;25 DEL MES;33070;Neogen Restaurador De Cejas Y Pestañas X 4 Ml;FAGRON;25 DE February;25%
;25 DEL MES;33072;Juvynit Ojos Prevention X 15 Ml Fagron;FAGRON;25 DE February;25%
;25 DEL MES;33073;Juvynit Prevention Serum X 30 Ml Fagron;FAGRON;25 DE February;25%
;25 DEL MES;33074;Juvynit Renew Serum X 30 Ml Fagron;FAGRON;25 DE February;25%
;25 DEL MES;33075;Juvynit Renew Day Spf 15 X 50 Ml Fagron;FAGRON;25 DE February;25%
;25 DEL MES;33077;Juvynit Prevention Moisturizing Spf 15 X 50 Ml Fagron;FAGRON;25 DE February;25%
;25 DEL MES;33078;Sunglass Oil Control X 50 Ml Fagron;FAGRON;25 DE February;25%
;25 DEL MES;33079;Sunglass Spf 50+ Antiedad Toque Seco X 50 Ml Fagron;FAGRON;25 DE February;25%
;25 DEL MES;33080;Sunglass After X 100Ml Fagron;FAGRON;25 DE February;25%
;25 DEL MES;33081;Sunglass Sport Spf 50+ X 100Ml Fagron;FAGRON;25 DE February;25%
;25 DEL MES;33086;Dermocalend Protector X 60 Gr Fagron;FAGRON;25 DE February;25%
;25 DEL MES;33087;Unguento Emoliente Pote X 200 Gr Fagron;FAGRON;25 DE February;25%
;25 DEL MES;33088;Absorb-K X 45 Gr Fagron;FAGRON;25 DE February;25%
;25 DEL MES;33094;Outmelan Hand Body X 50 Ml Fagron;FAGRON;25 DE February;25%
;25 DEL MES;33095;Outmelan Intensive Ligthening Serum X 30Ml Fagron;FAGRON;25 DE February;25%
;25 DEL MES;33099;Sunglass Gel Color Spf 45 X 80 Gr Fagron;FAGRON;25 DE February;25%
;25 DEL MES;33100;Fresh Skin Body X 500 Ml Fagron;FAGRON;25 DE February;25%
;25 DEL MES;33101;Defender Gel Sanitizante X 30 Ml;FAGRON;25 DE February;25%
;25 DEL MES;33102;Defender Gel Sanitizante X 60 Ml;FAGRON;25 DE February;25%
;25 DEL MES;33104;Neogen Crecimiento De Barba X 50 Ml Fagron;FAGRON;25 DE February;25%
;25 DEL MES;33105;Sunglass Oil Control Color Spf 50 X 80 Gr Fagron;FAGRON;25 DE February;25%
;25 DEL MES;33106;Bucoplack Crema Dental X 75 Ml Fagron;FAGRON;25 DE February;25%
;25 DEL MES;33107;Bucoplack Enjuague Bucal X 240 Ml Fagron;FAGRON;25 DE February;25%
;25 DEL MES;33108;Bucoplack Spray Refrescante X 30 Ml Fagron;FAGRON;25 DE February;25%
;25 DEL MES;33109;Fresh Skin Tattoo X 80 Gr Fagron;FAGRON;25 DE February;25%
;25 DEL MES;33110;Defender Syndet Antibacterial X 250 Ml Fagron;FAGRON;25 DE February;25%
;25 DEL MES;33111;Juvynit Ojos Renew X 15 Ml Fagron;FAGRON;25 DE February;25%
;25 DEL MES;33112;Juvynit Renew Nourishing Night X 50 Ml Fagron;FAGRON;25 DE February;25%
;25 DEL MES;113001;Videlen Spf 30 X 60 Gr Huden;HUDEN;25 DE February;25%
;25 DEL MES;113002;Vaklart Syndet Limpiador X 200Ml Huden;HUDEN;25 DE February;25%
;25 DEL MES;113003;Overhuden Facial Hidratante X 60Gr;HUDEN;25 DE February;25%
;25 DEL MES;113004;Overhuden Corporal X 400Gr;HUDEN;25 DE February;25%
;25 DEL MES;113005;Bioskall Anticaida (Con Biotina) X 280Gr Huden;HUDEN;25 DE February;25%
;25 DEL MES;113007;Overhuden Facial Matificante X 60Gr;HUDEN;25 DE February;25%
;25 DEL MES;113008;Bioskall Plus Anticaspa X 280Gr Huden;HUDEN;25 DE February;25%
;25 DEL MES;113009;Vaklart Scrub X 100Gr Huden;HUDEN;25 DE February;25%
;25 DEL MES;113010;Overhuden Contorno De Ojos X 20Gr;HUDEN;25 DE February;25%
;25 DEL MES;113011;Videlen Plus Oilfree Spf50+ X 120Gr Huden;HUDEN;25 DE February;25%
;25 DEL MES;113012;Overhuden Ultra Hidratante X 500Gr;HUDEN;25 DE February;25%
;25 DEL MES;113013;Videlen Kids Spf 50+ X 120 Gr Huden;HUDEN;25 DE February;25%
;25 DEL MES;113015;Mee Formula Individual;HUDEN;25 DE February;25%
;25 DEL MES;113016;Videlen Plus Oil Free Spf 50+ X 240 Ml Huden;HUDEN;25 DE February;25%
;25 DEL MES;113017;Overhuden Despigmentante X 60 Gr;HUDEN;25 DE February;25%
;25 DEL MES;113018;Videlen Oil Free Spf 50+ X 200 Gr Huden;HUDEN;25 DE February;25%
;25 DEL MES;113059;Vaklar Toallitas Desmaquilladoras X 30 Huden;HUDEN;25 DE February;25%
;25 DEL MES;113060;Bioskall Cafeina Anticaida X 280 Ml Huden;HUDEN;25 DE February;25%
;25 DEL MES;113019;Videlen Control Grasa Tono Claro Spf 50+ X 60 Gr Huden;HUDEN;25 DE February;25%
;25 DEL MES;113020;Videlen Control Grasa Tono Medio Spf 50+ X 60 Gr Huden;HUDEN;25 DE February;25%
;25 DEL MES;113061;Bioskall Acondicionador X 280 Ml Huden;HUDEN;25 DE February;25%
;25 DEL MES;82001;Filoker Shampoo X 250 Ml Inbiotech;InBIOTECH S.A.;25 DE February;25%
;25 DEL MES;82002;Filoker Acondicionador X 250 Ml Inbiotech;InBIOTECH S.A.;25 DE February;25%
;25 DEL MES;82004;Filoker Crema Anticaida X 120 Ml Inbiotech;InBIOTECH S.A.;25 DE February;25%
;25 DEL MES;82005;Aquasense X 400 Ml Inbiotech;InBIOTECH S.A.;25 DE February;25%
;25 DEL MES;82006;Aox Therapy X 60 Capsulas De 250 Mg Inbiotech;InBIOTECH S.A.;25 DE February;25%
;25 DEL MES;82010;Elastelle Serum X 30 Ml Inbiotech;InBIOTECH S.A.;25 DE February;25%
;25 DEL MES;82011;Clarium Loción X 30 Ml Inbiotech;InBIOTECH S.A.;25 DE February;25%
;25 DEL MES;82018;Mendelisse Crema Reparadora De Estrias X 150 Ml Inbiotech;InBIOTECH S.A.;25 DE February;25%
;25 DEL MES;82019;Filoclen Shampoo Anticaspa Antioxidante X 250Ml Inbiotech;InBIOTECH S.A.;25 DE February;25%
;25 DEL MES;82021;Klens Gel Antibacterial Orgánico X 30 Ml Inbiotech;InBIOTECH S.A.;25 DE February;25%
;25 DEL MES;82023;Filoker Cera X 60 Ml Inbiotech;InBIOTECH S.A.;25 DE February;25%
;25 DEL MES;59001;Teen Derm Aqua X 250 Ml Isispharma;ISISPHARMA;25 DE February;25%
;25 DEL MES;59002;Teen Derm K Concentrate X 30 Ml Isispharma;ISISPHARMA;25 DE February;25%
;25 DEL MES;59005;Aquaruboril Solucion Micelar X 250 Ml Isispharma;ISISPHARMA;25 DE February;25%
;25 DEL MES;59006;Teen Derm Gel X 150 Ml Isispharma;ISISPHARMA;25 DE February;25%
;25 DEL MES;59014;Ruboril Expert Tinte Spf 50+ X 40 Ml Isispharma;ISISPHARMA;25 DE February;25%
;25 DEL MES;59018;Neotone Suero X 30 Ml Isispharma;ISISPHARMA;25 DE February;25%
;25 DEL MES;59020;Light Eyes Dark Circle X 15 Ml;ISISPHARMA;25 DE February;25%
;25 DEL MES;59021;Light Eyes Spf 30 X 15 Ml Isispharma;ISISPHARMA;25 DE February;25%
;25 DEL MES;59029;Uveblock 50+ Invisible Fluid X 40 Ml Isispharma;ISISPHARMA;25 DE February;25%
;25 DEL MES;59031;Secalia Ds X 40 Ml Isispharma;ISISPHARMA;25 DE February;25%
;25 DEL MES;59032;Secalia Balm X 200 Ml Isispharma;ISISPHARMA;25 DE February;25%
;25 DEL MES;59033;Sensylia X 40 Ml Isispharma;ISISPHARMA;25 DE February;25%
;25 DEL MES;59034;Suavigel X 40 Ml Isispharma;ISISPHARMA;25 DE February;25%
;25 DEL MES;59036;Secalia AHA X 200 Ml Isispharma;ISISPHARMA;25 DE February;25%
;25 DEL MES;59070;Geneskin C Premium *10 Ml;ISISPHARMA;25 DE February;25%
;25 DEL MES;59039;Ruboril Expert M X 40 Gr Isispharma;ISISPHARMA;25 DE February;25%
;25 DEL MES;59040;Ruboril Expert S X 40 Gr Isispharma;ISISPHARMA;25 DE February;25%
;25 DEL MES;59041;Ilcapil Kr Champú X 150 Ml Isispharma;ISISPHARMA;25 DE February;25%
;25 DEL MES;59042;Keloplast Scars Spf 50+ X 40 Ml Isispharma;ISISPHARMA;25 DE February;25%
;25 DEL MES;59043;Keloplast Cracks X 40 Ml Isispharma;ISISPHARMA;25 DE February;25%
;25 DEL MES;59044;Uveblock 30 Clean Derm Spf 30 X 40 Ml;ISISPHARMA;25 DE February;25%
;25 DEL MES;59045;Uveblock 50+ Day Secure X 40 Ml Isispharma;ISISPHARMA;25 DE February;25%
;25 DEL MES;59046;Uveblock Spf 80 Invisible Cream X 40 Ml Isispharma;ISISPHARMA;25 DE February;25%
;25 DEL MES;59048;Uveblock 50+ Lait Lotion X 100 Ml Isispharma;ISISPHARMA;25 DE February;25%
;25 DEL MES;59049;Uveblock 50+ Light Tinted Fluid X 40 Ml Isispharma;ISISPHARMA;25 DE February;25%
;25 DEL MES;59051;Uveblock Spf 50+ Kids Spray X 200Ml Isispharma;ISISPHARMA;25 DE February;25%
;25 DEL MES;59053;Urelia 50 Balsamo Hidratante X 40 Ml;ISISPHARMA;25 DE February;25%
;25 DEL MES;59054;Urelia Gel Nettoyant X 200 Ml;ISISPHARMA;25 DE February;25%
;25 DEL MES;59055;Uveblock 80 Tinted Crema X 40 Ml Isispharma;ISISPHARMA;25 DE February;25%
;25 DEL MES;59056;Ruboril Leche Desmaquillante X 250 Ml Isispharma;ISISPHARMA;25 DE February;25%
;25 DEL MES;59069;Geneskin Lif Smoothing Cream *50 Ml;ISISPHARMA;25 DE February;25%
;25 DEL MES;59063;Teen Derm Hydra X 40 Ml Isispharma;ISISPHARMA;25 DE February;25%
;25 DEL MES;59064;Xerolan *150 Ml;ISISPHARMA;25 DE February;25%
;25 DEL MES;59065;Ruboril Expert Intense X 15 Ml Isispharma;ISISPHARMA;25 DE February;25%
;25 DEL MES;59071;Geneskin Lift Baume Gel *50 Ml;ISISPHARMA;25 DE February;25%
;25 DEL MES;59067;Teen Derm Alpha Pure X 30 Ml;ISISPHARMA;25 DE February;25%
;25 DEL MES;59072;Geneskin Lift Lifting Serum;ISISPHARMA;25 DE February;25%
;25 DEL MES;59068;Geneskin White Lightening Serum*28 Ml;ISISPHARMA;25 DE February;25%
;25 DEL MES;59095;Glyco-A Body X 200 Ml Isispharma;ISISPHARMA;25 DE February;25%
;25 DEL MES;59099;Glyco-A Foamer X 100 Ml Isispharma;ISISPHARMA;25 DE February;25%
;25 DEL MES;59096;Glyco-A Intense Peeling X 30 Ml Isispharma;ISISPHARMA;25 DE February;25%
;25 DEL MES;59074;Teen Derm K X 30 Ml Isispharma;ISISPHARMA;25 DE February;25%
;25 DEL MES;59075;Teen Derm Gel Sensitive X 250 Ml Isispharma;ISISPHARMA;25 DE February;25%
;25 DEL MES;59004;Glyco-A Medium Peeling 12% X 30 Ml Isispharma;ISISPHARMA;25 DE February;25%
;25 DEL MES;59097;Glyco-A Post Peeling X 30 Ml Isispharma;ISISPHARMA;25 DE February;25%
;25 DEL MES;59098;Glyco-A Soft Peeling X 30 Ml Isispharma;ISISPHARMA;25 DE February;25%
;25 DEL MES;59079;Sensylia Agua Micellare X 250 Ml Isispharma;ISISPHARMA;25 DE February;25%
;25 DEL MES;59080;Uveblock 50+ Mineral Color X 40 Ml Isispharma;ISISPHARMA;25 DE February;25%
;25 DEL MES;59081;Uveblock 50+ Mineral X 40 Ml Isispharma;ISISPHARMA;25 DE February;25%
;25 DEL MES;59082;Uveblock 50+ Spray X 200 Ml Isispharma;ISISPHARMA;25 DE February;25%
;25 DEL MES;59083;Teen Derm Aqua X 100 Ml Isispharma;ISISPHARMA;25 DE February;25%
;25 DEL MES;59085;Secalia Ultra X 200 Ml Isispharma;ISISPHARMA;25 DE February;25%
;25 DEL MES;59086;Uveblock Toque Seco Spf 30+ X 40 Ml Isispharma;ISISPHARMA;25 DE February;25%
;25 DEL MES;59100;Neotone Aqua X 250 Ml;ISISPHARMA;25 DE February;25%
;25 DEL MES;59088;Secalia Shower Cream X 200 Ml Isispharma;ISISPHARMA;25 DE February;25%
;25 DEL MES;59089;Secalia Shower Cream X 400 Ml Isispharma;ISISPHARMA;25 DE February;25%
;25 DEL MES;59090;Urelia 10 Crema Gel X 150 Ml Isispharma;ISISPHARMA;25 DE February;25%
;25 DEL MES;59091;Uveblock Dry Touch Spf 50+ X 40 Ml Isispharma;ISISPHARMA;25 DE February;25%
;25 DEL MES;59094;Neotone Aqua X 400 Ml Isispharma;ISISPHARMA;25 DE February;25%
;25 DEL MES;59093;Teen Derm Aqua X 200 Ml;ISISPHARMA;25 DE February;25%
;25 DEL MES;59092;Neotone Body X 100 Ml Isispharma;ISISPHARMA;25 DE February;25%
;25 DEL MES;59076;Neotone Eyes X 15 Ml Isispharma;ISISPHARMA;25 DE February;25%
;25 DEL MES;59066;Neotone Gel X 150 Ml Isispharma;ISISPHARMA;25 DE February;25%
;25 DEL MES;59087;Neotone Prevent Mineral Light Tinte Spf 50+ X 30 Ml Isisphamra;ISISPHARMA;25 DE February;25%
;25 DEL MES;59078;Neotone Prevent Mineral Tinte Spf 50+;ISISPHARMA;25 DE February;25%
;25 DEL MES;59028;Neotone Radiance Spf 50+ X 30 Ml Isispharma;ISISPHARMA;25 DE February;25%
;25 DEL MES;59102;Neotone Radiance Tono Claro Spf 50+ X 30 Ml Isispharma;ISISPHARMA;25 DE February;25%
;25 DEL MES;59101;Neotone Radiance Tono Medio Spf 50+ X 30 Ml Isispharma;ISISPHARMA;25 DE February;25%
;25 DEL MES;59077;Neotone Sensitive X 30 Ml Isispharma;ISISPHARMA;25 DE February;25%
;25 DEL MES;59103;Teen Derm Az X 30 Ml Isispharma;ISISPHARMA;25 DE February;25%
;25 DEL MES;160001;Desodorante Antitranspirante Spray X 120Ml Ldoc;L'DOC;25 DE February;20%
;25 DEL MES;160002;Desodorante Antitranspirante Roll-On X 70 Gr Ldoc;L'DOC;25 DE February;20%
;25 DEL MES;160003;Shower Gel Rosado X 500 Ml Ldoc;L'DOC;25 DE February;20%
;25 DEL MES;160004;Shower Gel Azul X 500 Ml Ldoc;L'DOC;25 DE February;20%
;25 DEL MES;160005;Shower Gel Verde X 500 Ml Ldoc;L'DOC;25 DE February;20%
;25 DEL MES;160006;Emulsion Hidratante (Azul) X 500 Gr Ldoc;L'DOC;25 DE February;20%
;25 DEL MES;160007;Emulsion Hidratante Plus (Verde) X 500 Gr Ldoc;L'DOC;25 DE February;20%
;25 DEL MES;08007;Crema Emoliente Emulcrem X 500Gr;MD FARMACIA MAGISTRAL S.A.S.;25 DE February;25%
;25 DEL MES;22001;Emulbase Bioazufre Limpiador X 250Ml;MEDIVELIUS;25 DE February;25%
;25 DEL MES;22002;Endocare Ampollas Caja X 7 Amp X 1 Ml;MEDIVELIUS;25 DE February;25%
;25 DEL MES;22007;Fluidbase K Crema X 20 Ml;MEDIVELIUS;25 DE February;25%
;25 DEL MES;22009;Fluidbase Locion 10% Aha X 250 Ml;MEDIVELIUS;25 DE February;25%
;25 DEL MES;22011;Fluidbase Retinol Crema X 30 Ml;MEDIVELIUS;25 DE February;25%
;25 DEL MES;22012;Xemose Crema X 200 G Uriage;MEDIVELIUS;25 DE February;25%
;25 DEL MES;22017;Heliocare Comp Oil Free Spf 50 Light;MEDIVELIUS;25 DE February;25%
;25 DEL MES;22020;Heliocare Ultra Gel Spf 90 X 50Ml;MEDIVELIUS;25 DE February;25%
;25 DEL MES;22022;Pilopeptan Caps X 60;MEDIVELIUS;25 DE February;25%
;25 DEL MES;22023;Agua Thermal X 300Ml Uriage;MEDIVELIUS;25 DE February;25%
;25 DEL MES;22024;Agua Thermal X 150Ml Uriage;MEDIVELIUS;25 DE February;25%
;25 DEL MES;22026;Bariederm Labios Cica X 15 Ml Uriage;MEDIVELIUS;25 DE February;25%
;25 DEL MES;22027;Bariederm Cica Unguento X 40 Gr Uriage;MEDIVELIUS;25 DE February;25%
;25 DEL MES;22030;Desodorante Power X 50Ml Uriage;MEDIVELIUS;25 DE February;25%
;25 DEL MES;22031;Depiderm Spf 50 Emulsion X 30Ml Uriage;MEDIVELIUS;25 DE February;25%
;25 DEL MES;22036;Hyseac Gel Limpiador X 150Ml Uriage;MEDIVELIUS;25 DE February;25%
;25 DEL MES;22037;Endocare Tensage Serum X 30 Ml;MEDIVELIUS;25 DE February;25%
;25 DEL MES;22038;Endocare Tensage Cream X 30 Ml;MEDIVELIUS;25 DE February;25%
;25 DEL MES;22039;Xemose Cerat X 200 Ml Uriage;MEDIVELIUS;25 DE February;25%
;25 DEL MES;22040;Xemose Syndet X 200 Ml Uriage;MEDIVELIUS;25 DE February;25%
;25 DEL MES;22042;Heliocare Advance Spray Spf50+ X 200 Ml;MEDIVELIUS;25 DE February;25%
;25 DEL MES;22044;Heliocare Oral X 60 Caps;MEDIVELIUS;25 DE February;25%
;25 DEL MES;22046;Monoderma Vitamin C10 X 28;MEDIVELIUS;25 DE February;25%
;25 DEL MES;22047;Monoderma Vitamin E5 X 28;MEDIVELIUS;25 DE February;25%
;25 DEL MES;22048;Endocare Tensage Iluminador Contorno X 15 Ml;MEDIVELIUS;25 DE February;25%
;25 DEL MES;22053;Gommate Crema Corporal X 200 Ml Uriage;MEDIVELIUS;25 DE February;25%
;25 DEL MES;22055;Pilopeptan Locion Anticaida X 100 Ml;MEDIVELIUS;25 DE February;25%
;25 DEL MES;22056;Pilopeptan Shampo Anticaida X 250 Ml;MEDIVELIUS;25 DE February;25%
;25 DEL MES;22057;Hyseac Spf 50 Fluido X 50Ml Uriage;MEDIVELIUS;25 DE February;25%
;25 DEL MES;22061;Uriage 1 Er Eau X 500Ml Uriage;MEDIVELIUS;25 DE February;25%
;25 DEL MES;22062;Crema Lavante X 500 Ml Uriage;MEDIVELIUS;25 DE February;25%
;25 DEL MES;22063;Roseliane Crema X 40 Ml Uriage;MEDIVELIUS;25 DE February;25%
;25 DEL MES;22064;D.S Emulsion X 40 Ml Uriage;MEDIVELIUS;25 DE February;25%
;25 DEL MES;22065;D.S. Hair Lotion X 100 Ml Uriage;MEDIVELIUS;25 DE February;25%
;25 DEL MES;22067;Heliocare Gel Crem Color Ligth Spf 50+;MEDIVELIUS;25 DE February;25%
;25 DEL MES;22070;D.S Gel Limpiador Regulador X 150 Ml Uriage;MEDIVELIUS;25 DE February;25%
;25 DEL MES;22078;Genomask Mascarilla Facial 6 Sachets X 8 Ml;MEDIVELIUS;25 DE February;25%
;25 DEL MES;22079;Pilopeptan Woman Serum Capilar X 30 Ml;MEDIVELIUS;25 DE February;25%
;25 DEL MES;22080;Neoretin Discrom Serum X 30 Ml;MEDIVELIUS;25 DE February;25%
;25 DEL MES;22082;Pruriced Crema X 100 Ml Uriage;MEDIVELIUS;25 DE February;25%
;25 DEL MES;22086;Endocare Aquafoam Limpiador X 125 Ml;MEDIVELIUS;25 DE February;25%
;25 DEL MES;22088;Heliocare 360 Gel Oil Free Toque Seco Spf 50 X 50 Ml;MEDIVELIUS;25 DE February;25%
;25 DEL MES;22091;Biretix Mask Mascarilla X 25 Ml;MEDIVELIUS;25 DE February;25%
;25 DEL MES;22092;Biretix Duo Gel Exfoliante X 30 Ml;MEDIVELIUS;25 DE February;25%
;25 DEL MES;22093;Agua Micelar Piel Mixta X 250Ml Verde Uriage;MEDIVELIUS;25 DE February;25%
;25 DEL MES;22094;Agua Micelar Piel Normal X 250Ml Roja Uriage;MEDIVELIUS;25 DE February;25%
;25 DEL MES;22095;Roseliane Cc Crema Spf 50 X 40 Ml Uriage;MEDIVELIUS;25 DE February;25%
;25 DEL MES;22096;Pilopeptan Woman Shampoo X 250 Ml;MEDIVELIUS;25 DE February;25%
;25 DEL MES;22097;Pilopeptan Woman Suplemento Dietario X 30 Comprimidos;MEDIVELIUS;25 DE February;25%
;25 DEL MES;22098;Heliocare 360 Mineral Fluido X 50Ml;MEDIVELIUS;25 DE February;25%
;25 DEL MES;22100;Hyseac Spot Control X 15Gr Uriage;MEDIVELIUS;25 DE February;25%
;25 DEL MES;22101;Desmaquillante Ojos Bifasico X 100Ml (Waterproof) Uriage;MEDIVELIUS;25 DE February;25%
;25 DEL MES;22102;Hyseac 3-Regul Global X 40Ml Uriage;MEDIVELIUS;25 DE February;25%
;25 DEL MES;22103;Bariederm Cica Crema X 40Ml Uriage;MEDIVELIUS;25 DE February;25%
;25 DEL MES;22104;Agua Thermal Serum X 30 Ml Uriage;MEDIVELIUS;25 DE February;25%
;25 DEL MES;22105;Agua Thermal Contorno Ojos X 15 Ml Uriage;MEDIVELIUS;25 DE February;25%
;25 DEL MES;22106;Agua Thermal Water Cream X 40Ml Uriage;MEDIVELIUS;25 DE February;25%
;25 DEL MES;22107;Bariesun 50+ Spray 200 Ml Uriage;MEDIVELIUS;25 DE February;25%
;25 DEL MES;22108;Bariesun 50+ Mat Fluido X 50 Ml Uriage;MEDIVELIUS;25 DE February;25%
;25 DEL MES;22109;Bariesun 50+ Fluido Ultra Leger Toque Seco X 30 Ml Uriage;MEDIVELIUS;25 DE February;25%
;25 DEL MES;22111;Pilopeptan Woman Mascarilla X 200 Ml;MEDIVELIUS;25 DE February;25%
;25 DEL MES;22112;Pilopeptan Woman Gel Reparador Uñas X 10 Ml;MEDIVELIUS;25 DE February;25%
;25 DEL MES;22114;Biretix Micropeel X 50 Ml;MEDIVELIUS;25 DE February;25%
;25 DEL MES;22118;Silky Body Lotion X 500 Ml Uriage;MEDIVELIUS;25 DE February;25%
;25 DEL MES;22119;Gel Sugar Baño Dermatologico X 500 Ml Uriage;MEDIVELIUS;25 DE February;25%
;25 DEL MES;22120;Face Scrub Gel Facial X 50 Ml Gommante Uriage;MEDIVELIUS;25 DE February;25%
;25 DEL MES;22126;Desodorante 50 % Dcto Segunda Unidad X 50Ml Uriage;MEDIVELIUS;25 DE February;25%
;25 DEL MES;22128;Heliocare 360 Mineral Tolerance Fluido Spf 50+ X 50 Ml;MEDIVELIUS;25 DE February;25%
;25 DEL MES;22129;Agua Termale Mascarilla Noche X50Ml Uriage;MEDIVELIUS;25 DE February;25%
;25 DEL MES;22130;Agua Thermal Crema De Manos X 50Ml Uriage;MEDIVELIUS;25 DE February;25%
;25 DEL MES;22132;Bariesun Bruma Spray Spf 50+ X 200 Ml Uriage;MEDIVELIUS;25 DE February;25%
;25 DEL MES;22133;Bariesun Stick Labios Spf 30 Uriage;MEDIVELIUS;25 DE February;25%
;25 DEL MES;22134;Hyseac 3-Regul Global Tinte Spf 50 X 40Ml Uriage;MEDIVELIUS;25 DE February;25%
;25 DEL MES;22135;Heliocare 360 Color Beige Toque Seco X 50 Ml;MEDIVELIUS;25 DE February;25%
;25 DEL MES;22136;Age Protect Crema De Noche X 40 Ml Uriage;MEDIVELIUS;25 DE February;25%
;25 DEL MES;22137;Age Protect Fluido X 40 Ml Uriage;MEDIVELIUS;25 DE February;25%
;25 DEL MES;22138;Age Protect Suero X 30 Ml Uriage;MEDIVELIUS;25 DE February;25%
;25 DEL MES;22139;Age Protect Contorno De Ojos X 15 Ml Uriage;MEDIVELIUS;25 DE February;25%
;25 DEL MES;22148;Genocutan Gel X 500 Ml;MEDIVELIUS;25 DE February;25%
;25 DEL MES;22149;Genocutan Gel X 250 Ml;MEDIVELIUS;25 DE February;25%
;25 DEL MES;22151;Bariedem Cica Crema De Manos X 50Ml Uriage;MEDIVELIUS;25 DE February;25%
;25 DEL MES;22160;Heliocare 360 Water Gel Spf50+ X 50Ml;MEDIVELIUS;25 DE February;25%
;25 DEL MES;22161;D.S Hair Shampoo Tratam Anticaspa X 200 Ml Uriage;MEDIVELIUS;25 DE February;25%
;25 DEL MES;22162;D.S Hair Shampoo Equilibrante 200Ml Uriage;MEDIVELIUS;25 DE February;25%
;25 DEL MES;22163;Genomask Mascarilla Facial Una Unidad;MEDIVELIUS;25 DE February;25%
;25 DEL MES;22164;Hyseac Gel Limpiador X 500Ml Uriage;MEDIVELIUS;25 DE February;25%
;25 DEL MES;22165;Bariesun 50+Crema Tinte Dore X 50 Ml Uriage;MEDIVELIUS;25 DE February;25%
;25 DEL MES;22166;Age Protect Peeling Crema De Noche X 50 Ml Uriage;MEDIVELIUS;25 DE February;25%
;25 DEL MES;22167;Age Protect Multi-Actions Crema X 40 Ml Uriage;MEDIVELIUS;25 DE February;25%
;25 DEL MES;22168;Biretix Tri-Active Gel X 50 Ml;MEDIVELIUS;25 DE February;25%
;25 DEL MES;22169;Synbionyme Serum Universal X 30 Ml;MEDIVELIUS;25 DE February;25%
;25 DEL MES;22170;Synbionyme Progena Lif Dia Crema 50Ml;MEDIVELIUS;25 DE February;25%
;25 DEL MES;22171;Synbionyme Progena Lif Noche Crema 50Ml;MEDIVELIUS;25 DE February;25%
;25 DEL MES;22172;Synbionyme Progena Contorno De Ojos X 15Ml;MEDIVELIUS;25 DE February;25%
;25 DEL MES;22175;Endocare C Pure Concentrate 14 Ampollas X1 Ml C/U;MEDIVELIUS;25 DE February;25%
;25 DEL MES;22176;Endocare Hydractive Agua Micellar X 100 Ml;MEDIVELIUS;25 DE February;25%
;25 DEL MES;22177;Endocare Hydractive Agua Micellar X 250 Ml;MEDIVELIUS;25 DE February;25%
;25 DEL MES;22178;Endocare Tensage Crema Nutritiva X 50 Ml;MEDIVELIUS;25 DE February;25%
;25 DEL MES;22179;Heliocare 360 Invisible Spray Spf 50+ X 200 Ml;MEDIVELIUS;25 DE February;25%
;25 DEL MES;22180;Biretix Triactive Spray X 100 Ml;MEDIVELIUS;25 DE February;25%
;25 DEL MES;22181;Fluidbase Rederm 15% Aha Gel Forte X 30 Ml;MEDIVELIUS;25 DE February;25%
;25 DEL MES;22182;Synbionyme Medacnyl Locion Clarificante Enzymatica 200 Ml;MEDIVELIUS;25 DE February;25%
;25 DEL MES;22183;Synbionyme Medacnyl Cr Noche X 30 Ml;MEDIVELIUS;25 DE February;25%
;25 DEL MES;22184;Synbionyme Medacnyl Cr Limpiadora Espumosa X 150 Ml;MEDIVELIUS;25 DE February;25%
;25 DEL MES;22185;Synbionyme Radiance Gel Crema 40Ml;MEDIVELIUS;25 DE February;25%
;25 DEL MES;22186;Age Protect Instant Multi-Correction Filler Care X 30 Ml Uriage;MEDIVELIUS;25 DE February;25%
;25 DEL MES;22187;Agua Termal Water Jelly X 40 Ml Uriage;MEDIVELIUS;25 DE February;25%
;25 DEL MES;22188;Heliocare 360° Ak Emulsión Spf 50+ 50 Ml;MEDIVELIUS;25 DE February;25%
;25 DEL MES;22196;Actipur Bb Creme Light X 30 Ml Noreva;MEDIVELIUS;25 DE February;25%
;25 DEL MES;22197;Actipur Cleansing Gel X 400 Ml Noreva;MEDIVELIUS;25 DE February;25%
;25 DEL MES;22198;Actipur Dermo-Cleansing Espuma X 150 Ml Noreva;MEDIVELIUS;25 DE February;25%
;25 DEL MES;22199;Epidiane Crema Hidratante X 125 Ml Noreva;MEDIVELIUS;25 DE February;25%
;25 DEL MES;22200;Exfoliante Global 6 Intensive Care X 30 Ml Noreva;MEDIVELIUS;25 DE February;25%
;25 DEL MES;22201;Exfoliante Mat & Pore Corrector Matificador X 40 Ml Noreva;MEDIVELIUS;25 DE February;25%
;25 DEL MES;22202;Trio White Xp Sérum Corrector X 30 Ml Noreva;MEDIVELIUS;25 DE February;25%
;25 DEL MES;22203;Trio White Xp Contorno De Ojos X 10 Ml Noreva;MEDIVELIUS;25 DE February;25%
;25 DEL MES;22204;Xerodiane Ap+ Crema Lavante Limpiadora X 500 Ml Noreva;MEDIVELIUS;25 DE February;25%
;25 DEL MES;22205;Xerodiane Ap+ Crema Emoliente X 400 Ml Noreva;MEDIVELIUS;25 DE February;25%
;25 DEL MES;22212;Bariederm Cica Huile Dermatologique X 100M Luriage;MEDIVELIUS;25 DE February;25%
;25 DEL MES;22213;D.S Hair Shampooing Doux Equilibrant X 500 Ml Uriage;MEDIVELIUS;25 DE February;25%
;25 DEL MES;22214;Endocare Radiance C Ferulic Edafence Serum X 30Ml;MEDIVELIUS;25 DE February;25%
;25 DEL MES;22215;Heliocare 360° Color Perla Gel Toque Seco Fps 50+ X 50Ml;MEDIVELIUS;25 DE February;25%
;25 DEL MES;22216;Xerodiane Ap+ Gentle Foaming Gel X 745Ml Noreva;MEDIVELIUS;25 DE February;25%
;25 DEL MES;22217;Agua Termal Piel Normal X 100Ml Roja;MEDIVELIUS;25 DE February;25%
;25 DEL MES;22218;Agua Thermal X 50Ml Uriage;MEDIVELIUS;25 DE February;25%
;25 DEL MES;22219;Pilensive Suplemento Dietario Liquido Caja X 15 Sobres X 20 Ml;MEDIVELIUS;25 DE February;25%
;25 DEL MES;22221;Heliocare 360 Pigment Solution Fluid Spf 50+ X 50Ml;MEDIVELIUS;25 DE February;25%
;25 DEL MES;22222;Biretix Gel Limpiador Purificante X 200Ml;MEDIVELIUS;25 DE February;25%
;25 DEL MES;22223;Eau Thermale Essence D'eau Eclat X100Ml Uriage;MEDIVELIUS;25 DE February;25%
;25 DEL MES;22224;Hyseac Tonique Purifiant X 250Ml Uriage;MEDIVELIUS;25 DE February;25%
;25 DEL MES;22225;Hyseac Serum Peau Neuve X 40Ml Uriage;MEDIVELIUS;25 DE February;25%
;25 DEL MES;22226;Hyseac Masque Purifiant Peel- Off X 50Ml Uriage;MEDIVELIUS;25 DE February;25%
;25 DEL MES;22227;Xemose Baume Oleo- Apaisant Anti- Grattage X 500Ml Uriage;MEDIVELIUS;25 DE February;25%
;25 DEL MES;22228;Xemose Syndet Nettoyant Doux X 500Ml Uriage;MEDIVELIUS;25 DE February;25%
;25 DEL MES;22240;Endocare Radiance Contorno De Ojos X 15 Ml;MEDIVELIUS;25 DE February;25%
;25 DEL MES;22241;Endocare Hydractive Agua Micellar X 400 Ml;MEDIVELIUS;25 DE February;25%
;25 DEL MES;22242;Bariederm Cica Daily Gel Crema X 40Ml Uriage;MEDIVELIUS;25 DE February;25%
;25 DEL MES;22243;Bariederm Cica Daily Suero X 30Ml Uriage;MEDIVELIUS;25 DE February;25%
;25 DEL MES;22244;Endocare Expert Drops Protocolo Despigmentante 2X10Ml;MEDIVELIUS;25 DE February;25%
;25 DEL MES;22245;Endocare Expert Drops Protocolo Hidratante 2X10Ml;MEDIVELIUS;25 DE February;25%
;25 DEL MES;22246;Biretix Focus Gel X 15Ml;MEDIVELIUS;25 DE February;25%
;25 DEL MES;22247;Biretix Isorepair Crema X 50 Ml;MEDIVELIUS;25 DE February;25%
;25 DEL MES;22256;Agua Thermal X 300Ml Precio Especial 2 Unid Uriage;MEDIVELIUS;25 DE February;25%
;25 DEL MES;22288;Xerodiane Ap+ Gentle Foaming Gel X 1 Litro Noreva;MEDIVELIUS;25 DE February;25%
;25 DEL MES;22289;Xemose Pso Concentré Apaisant X 150 Ml Uriage;MEDIVELIUS;25 DE February;25%
;25 DEL MES;22291;Bariesun Fludio Extremo Spf50 X 50 Ml Uriage;MEDIVELIUS;25 DE February;25%
;25 DEL MES;22292;Heliocare 360 Age Active Fluid Spf50+ X 50Ml;MEDIVELIUS;25 DE February;25%
;25 DEL MES;22293;Heliocare 360 Pediatrics Transparente Spray Spf50+ X 200Ml;MEDIVELIUS;25 DE February;25%
;25 DEL MES;22294;Neoretin Discrom Ultra Emulsion X 30 Ml;MEDIVELIUS;25 DE February;25%
;25 DEL MES;22295;Pilopeptan Seb Ds Champu X 150 Ml;MEDIVELIUS;25 DE February;25%
;25 DEL MES;22296;Pilopeptan Woman Serum Pestañas Y Cejas X 60 Ml;MEDIVELIUS;25 DE February;25%
;25 DEL MES;22300;Sensilis Pure Age Perfection Maquillaje Antiimperfecciones Beige Tono 1 X 30 Ml;MEDIVELIUS;25 DE February;25%
;25 DEL MES;22301;Sensilis Pure Age Perfection Maquillaje Antiimperfecciones Sand Tono 2 X 30 Ml;MEDIVELIUS;25 DE February;25%
;25 DEL MES;22302;Sensilis Pure Age Perfection Maquillaje Antiimperfecciones Doree Tono 4 X 30 Ml;MEDIVELIUS;25 DE February;25%
;25 DEL MES;22316;Agua Thermal Serum Booster H.A X 30 Ml Uriage;MEDIVELIUS;25 DE February;25%
;25 DEL MES;22317;Age Lift Reafirmante Suavizante Dia Fluido X 40 Ml Uriage;MEDIVELIUS;25 DE February;25%
;25 DEL MES;22318;Age Lift Intensivo Reafirmante Serum X 30 Ml Uriage;MEDIVELIUS;25 DE February;25%
;25 DEL MES;22319;Age Lift Suavizante Ojos X 15 Ml Uriage;MEDIVELIUS;25 DE February;25%
;25 DEL MES;22320;Neoretin Discrom Control K-Contorno De Ojos X 15 Ml;MEDIVELIUS;25 DE February;25%
;25 DEL MES;22321;Biretix Hydramat Gel X 50 Ml;MEDIVELIUS;25 DE February;25%
;25 DEL MES;22322;Heliocare 360 A-R Emulsion MD Spf50+ X 50Ml;MEDIVELIUS;25 DE February;25%
;25 DEL MES;22331;Endocare Renewal Retinol Intensive Serum 0.5% X 30 Ml;MEDIVELIUS;25 DE February;25%
;25 DEL MES;22332;Endocare Renewal Retinol Serum 0.2% X 30 Ml;MEDIVELIUS;25 DE February;25%
;25 DEL MES;22337;Depiderm Suero Booster X 30Ml Uriage;MEDIVELIUS;25 DE February;25%
;25 DEL MES;120001;Meik Compacto Tono Claro Spf 15 *13G;NOVUM COMERCIALIZADORA S.A.S;25 DE February;25%
;25 DEL MES;120002;Meik Compacto Tono Medio Spf 15 *13G;NOVUM COMERCIALIZADORA S.A.S;25 DE February;25%
;25 DEL MES;120003;Meik Compacto Tono Oscuro Spf 15 *13G;NOVUM COMERCIALIZADORA S.A.S;25 DE February;25%
;25 DEL MES;120004;Meik Agua Micelar*240 Ml;NOVUM COMERCIALIZADORA S.A.S;25 DE February;25%
;25 DEL MES;120008;Meik Protector Labial Spf 30 X 3.8 Gr;NOVUM COMERCIALIZADORA S.A.S;25 DE February;25%
;25 DEL MES;120009;Meik Pestañina Waterproof Negra X 9 Gr;NOVUM COMERCIALIZADORA S.A.S;25 DE February;25%
;25 DEL MES;22229;Sensilis Hydra Essence Confort Mask X 150Ml;SENSILIS;25 DE February;25%
;25 DEL MES;22230;Sensilis Hydra Essence Gel Sorbete X 40Ml;SENSILIS;25 DE February;25%
;25 DEL MES;22231;Sensilis Skin Delight Illuminating & Antioxidant Mask X 150Ml;SENSILIS;25 DE February;25%
;25 DEL MES;22232;Sensilis Ritual Care Comfort Cleansing Mousse X 200Ml;SENSILIS;25 DE February;25%
;25 DEL MES;22233;Sensilis Ritual Care Hydro-Nourishing Toner X 200Ml;SENSILIS;25 DE February;25%
;25 DEL MES;22234;Sensilis Agua Micellar AR X 400Ml;SENSILIS;25 DE February;25%
;25 DEL MES;22235;Sensilis Upgrade Fluido Reafirmante X 50Ml;SENSILIS;25 DE February;25%
;25 DEL MES;22236;Sensilis Upgrade Gel Serum Reafirmante Concentrado X 30Ml;SENSILIS;25 DE February;25%
;25 DEL MES;22237;Sensilis Upgrade Ar Crema Sorbete Reafirmante Calmante X 50Ml;SENSILIS;25 DE February;25%
;25 DEL MES;22238;Sensilis Upgrade Crema Noche Tratamiento Reafirmante X 50Ml;SENSILIS;25 DE February;25%
;25 DEL MES;22239;Sensilis Upgrade Ojos Tratamiento Restaurador X 15Ml;SENSILIS;25 DE February;25%
;25 DEL MES;22248;Sensilis Upgrade Base De Maquillaje Miel Rosa Tono 2 X 30Ml;SENSILIS;25 DE February;25%
;25 DEL MES;22249;Sensilis Upgrade Base De Maquillaje Beige Tono 1 X 30 Ml;SENSILIS;25 DE February;25%
;25 DEL MES;22250;Sensilis Upgrade Base De Maquillaje Miel Doree Tono 3 X 30Ml;SENSILIS;25 DE February;25%
;25 DEL MES;22251;Sensilis Supreme Booster Sérum X 30Ml;SENSILIS;25 DE February;25%
;25 DEL MES;22252;Sensilis Supreme Contorno De Ojos Detox X 20Ml;SENSILIS;25 DE February;25%
;25 DEL MES;22253;Sensilis Supreme Crema De Dia Renovadora Spf15 X 50 Ml;SENSILIS;25 DE February;25%
;25 DEL MES;22254;Sensilis Supreme Crema De Noche Reparadora X 50 Ml;SENSILIS;25 DE February;25%
;25 DEL MES;22297;Sensilis Eternalist A.G.E Serum X 30 Ml;SENSILIS;25 DE February;25%
;25 DEL MES;22298;Sensilis Eternalist A.G.E Ojos X 20Gr;SENSILIS;25 DE February;25%
;25 DEL MES;22299;Sensilis Calm In Balm X 50Ml;SENSILIS;25 DE February;25%
;25 DEL MES;22328;Sensilis Photocorrection (D-Pigmen 50+) Color X 40Ml;SENSILIS;25 DE February;25%
;25 DEL MES;22329;Sensilis Skin D-Pigment Overnight X 30 Ml;SENSILIS;25 DE February;25%
;25 DEL MES;22330;Sensilis Skin D-Pigment Serum X 30 Ml;SENSILIS;25 DE February;25%
;SAN VALENTIN;65131;Fotoprotector Gel Crema Pediatrics Spf 50 X 250 Ml Isdin;ISDIN COLOMBIA S.A.S.;25 DE February;25%
;SAN VALENTIN;65132;Fotoprotector Fusion Water Magic X 50Ml Isdin;ISDIN COLOMBIA S.A.S.;25 DE February;25%
;SAN VALENTIN;65003;Fotoprotector Gel Crema Spf 50 X 250 Ml Isdin;ISDIN COLOMBIA S.A.S.;25 DE February;25%
;SAN VALENTIN;65007;Ureadin Ultra 10 Plus Locion X 200Ml Isdin;ISDIN COLOMBIA S.A.S.;25 DE February;25%
;SAN VALENTIN;65008;Ureadin Ultra 20 Crema X 100Ml Isdin;ISDIN COLOMBIA S.A.S.;25 DE February;25%
;SAN VALENTIN;65009;Ureadin Ultra 30 Crema Emoliente X 50 Ml Isdin;ISDIN COLOMBIA S.A.S.;25 DE February;25%
;SAN VALENTIN;65010;Ureadin Ultra 40 Gel Exfoliante X 30 Ml Isdin;ISDIN COLOMBIA S.A.S.;25 DE February;25%
;SAN VALENTIN;65012;Fotoprotector Fusion Fluid 50+ X 50 Ml Isdin;ISDIN COLOMBIA S.A.S.;25 DE February;25%
;SAN VALENTIN;65013;Fotoprotector Fusion Fluid Color Spf 50+ X 50 Ml Isdin;ISDIN COLOMBIA S.A.S.;25 DE February;25%
;SAN VALENTIN;65015;Ureadin Podos Gel Oil X 75 Ml Isdin;ISDIN COLOMBIA S.A.S.;25 DE February;25%
;SAN VALENTIN;65017;Ureadin Ultra 10 Plus Locion X 400Ml Isdin;ISDIN COLOMBIA S.A.S.;25 DE February;25%
;SAN VALENTIN;65018;Ureadin Bath Gel X 400 Ml Isdin;ISDIN COLOMBIA S.A.S.;25 DE February;25%
;SAN VALENTIN;65019;Eryfotona Fluido Spf 99 X 50 Ml Isdin;ISDIN COLOMBIA S.A.S.;25 DE February;25%
;SAN VALENTIN;65020;Fotoultra 100 Active Unify Fusion Fluid X 50 Ml Isdin;ISDIN COLOMBIA S.A.S.;25 DE February;25%
;SAN VALENTIN;65021;Fotoultra 100 Spot Prevent Fusion Fluid X 50 Ml Isdin;ISDIN COLOMBIA S.A.S.;25 DE February;25%
;SAN VALENTIN;65022;Fotoultra Age Repair Fluid Spf 50+X 50 Ml Isdin;ISDIN COLOMBIA S.A.S.;25 DE February;25%
;SAN VALENTIN;65024;Fotoprotector Hydro Oil Spf30 X 200Ml Isdin;ISDIN COLOMBIA S.A.S.;25 DE February;25%
;SAN VALENTIN;65026;Fotoprotector Oil Control Fusion Water X 50Ml Isdin;ISDIN COLOMBIA S.A.S.;25 DE February;25%
;SAN VALENTIN;65027;Nutratopic Pro-Amp Gel De Baño X 400 Ml Isdin;ISDIN COLOMBIA S.A.S.;25 DE February;25%
;SAN VALENTIN;65028;Nutratopic Pro-Amp Locion Emoliente X 400Ml Isdin;ISDIN COLOMBIA S.A.S.;25 DE February;25%
;SAN VALENTIN;65029;Nutratopic Pro-Amp Crema Facial X 50Ml Isdin;ISDIN COLOMBIA S.A.S.;25 DE February;25%
;SAN VALENTIN;65030;Fotoultra 100 (Color) Active Unify Fusion Fluid X 50 Ml Isdin;ISDIN COLOMBIA S.A.S.;25 DE February;25%
;SAN VALENTIN;65031;Nutratopic Pro-Amp Crema Emoliente X 204 Gr Isdin;ISDIN COLOMBIA S.A.S.;25 DE February;25%
;SAN VALENTIN;65033;Isdinceutics Flavo C Serum X 30 Ml Isdin;ISDIN COLOMBIA S.A.S.;25 DE February;25%
;SAN VALENTIN;65034;Isdinceutics Age Reverse Day X 51.5Gr Isdin;ISDIN COLOMBIA S.A.S.;25 DE February;25%
;SAN VALENTIN;65035;K-OX Eyes X 15 Gr Isdin;ISDIN COLOMBIA S.A.S.;25 DE February;25%
;SAN VALENTIN;65036;Flavo C Ultraglican X 30 Ampollas X 2 Ml Isdin;ISDIN COLOMBIA S.A.S.;25 DE February;25%
;SAN VALENTIN;65039;Fotoprotector Hydro Lotion Spf 50+ X 200 Ml Isdin;ISDIN COLOMBIA S.A.S.;25 DE February;25%
;SAN VALENTIN;65041;Solucion Micellar X 400 Ml Isdin;ISDIN COLOMBIA S.A.S.;25 DE February;25%
;SAN VALENTIN;65042;Skin Drops Bronze X 15 Ml Isdin;ISDIN COLOMBIA S.A.S.;25 DE February;25%
;SAN VALENTIN;65043;Skin Drops Sand X 15 Ml Isdin;ISDIN COLOMBIA S.A.S.;25 DE February;25%
;SAN VALENTIN;65044;Flavo C Melatonin Noche X 10 Ampollas 2 Ml Caja Negra;ISDIN COLOMBIA S.A.S.;25 DE February;25%
;SAN VALENTIN;65045;Fotoprotector Oil Control Fusion Water Color Medium X 50 Ml Isdin;ISDIN COLOMBIA S.A.S.;25 DE February;25%
;SAN VALENTIN;65046;Flavo C Melatonin Ultraglican Dia Y Noche X 10+10 Ampollas 2 Ml Isdin;ISDIN COLOMBIA S.A.S.;25 DE February;25%
;SAN VALENTIN;65047;Flavo C Pack Rutina (Dia+Noche+Agua Micellare);ISDIN COLOMBIA S.A.S.;25 DE February;25%
;SAN VALENTIN;65049;Fotoultra Age Repair Fluid Regalo Git Flavo C Melatonin;ISDIN COLOMBIA S.A.S.;25 DE February;25%
;SAN VALENTIN;65050;Solucion Micellar X 100 Ml Isdin;ISDIN COLOMBIA S.A.S.;25 DE February;25%
;SAN VALENTIN;65051;Instan Flash X1 Ampolla Isdin;ISDIN COLOMBIA S.A.S.;25 DE February;25%
;SAN VALENTIN;65052;Instant Flash X5 Ampollas Isdin;ISDIN COLOMBIA S.A.S.;25 DE February;25%
;SAN VALENTIN;65053;Fotoprotector Pediatrico Fusion Water Spf 50 X 50 Ml Isdin;ISDIN COLOMBIA S.A.S.;25 DE February;25%
;SAN VALENTIN;65054;Pigment Expert Night Pell Día X 10 Y Noche X 10 Isdin;ISDIN COLOMBIA S.A.S.;25 DE February;25%
;SAN VALENTIN;65055;Nutradeica Ds Gel Crema Facial X 50 Ml Isdin;ISDIN COLOMBIA S.A.S.;25 DE February;25%
;SAN VALENTIN;65056;Protector Labial Spf 50+ X 4 Gr Isdin;ISDIN COLOMBIA S.A.S.;25 DE February;25%
;SAN VALENTIN;65057;Protector Labial Spf 30+ X 4 Gr Isdin;ISDIN COLOMBIA S.A.S.;25 DE February;25%
;SAN VALENTIN;65058;Reparador Labial Con Acido Hialuronico X 4 Gr Isdin;ISDIN COLOMBIA S.A.S.;25 DE February;25%
;SAN VALENTIN;65059;Protector Labial Hv Spf 30 X 4 Gr Isdin;ISDIN COLOMBIA S.A.S.;25 DE February;25%
;SAN VALENTIN;65060;Fotoprotector Fusion Fluid Mineral Spf 50 X 50 Ml Isdin;ISDIN COLOMBIA S.A.S.;25 DE February;25%
;SAN VALENTIN;65062;Fotoprotector Compacto Spf 50+ Arena Isdin;ISDIN COLOMBIA S.A.S.;25 DE February;25%
;SAN VALENTIN;65063;Fotoprotector Compacto Spf 50+ Bronce Isdin;ISDIN COLOMBIA S.A.S.;25 DE February;25%
;SAN VALENTIN;65064;Si-Nails X 2.5 Ml Isdin;ISDIN COLOMBIA S.A.S.;25 DE February;25%
;SAN VALENTIN;65071;Gel Higienizante De Manos Aloe Vera X 120Ml Germisdin;ISDIN COLOMBIA S.A.S.;25 DE February;25%
;SAN VALENTIN;65072;Gel De Baño Original X 500Ml Germisdin;ISDIN COLOMBIA S.A.S.;25 DE February;25%
;SAN VALENTIN;65073;Hyaluronic Booster 5 Amp X 2Ml Isdin;ISDIN COLOMBIA S.A.S.;25 DE February;25%
;SAN VALENTIN;65074;Isdinceutics Age Reverse Night X 50Ml Isdin;ISDIN COLOMBIA S.A.S.;25 DE February;25%
;SAN VALENTIN;65075;Hyaluronic Booster 30 Amp X 2Ml Isdin;ISDIN COLOMBIA S.A.S.;25 DE February;25%
;SAN VALENTIN;65076;Fotoprotector Pediatrics Spray Wet Skin Spf 50+ X 50 Ml Isdin;ISDIN COLOMBIA S.A.S.;25 DE February;25%
;SAN VALENTIN;65077;Pack Instant Flash X 5 Amp+ Solucion Micelar X 100Ml+ Mini Vital Eyes;ISDIN COLOMBIA S.A.S.;25 DE February;25%
;SAN VALENTIN;65081;Fotoprotector Urban Fusion Water Spf 30 X 50Ml Isdin;ISDIN COLOMBIA S.A.S.;25 DE February;25%
;SAN VALENTIN;65082;Ureadin Crema De Manos Plus Q10 Repair X 50Ml Isdin;ISDIN COLOMBIA S.A.S.;25 DE February;25%
;SAN VALENTIN;65083;Flavo-C Melatonin Ultraligera 30 Amp X 2Ml Isdin;ISDIN COLOMBIA S.A.S.;25 DE February;25%
;SAN VALENTIN;65085;Shampoo Scaly Skin Alsora Control X 200Ml Isdin;ISDIN COLOMBIA S.A.S.;25 DE February;25%
;SAN VALENTIN;65086;Shampoo Ultra Suave Daylisdin X 400Ml Isdin;ISDIN COLOMBIA S.A.S.;25 DE February;25%
;SAN VALENTIN;65087;Shampoo Anticaída Lambdapil X 200Ml Isdin;ISDIN COLOMBIA S.A.S.;25 DE February;25%
;SAN VALENTIN;65088;Shampoo Anticaspa Grasa Nutradeica X 200Ml Isdin;ISDIN COLOMBIA S.A.S.;25 DE February;25%
;SAN VALENTIN;65089;Lambdapil Loción Capilar X 125Ml Isdin;ISDIN COLOMBIA S.A.S.;25 DE February;25%
;SAN VALENTIN;65090;Vital Eyes X 15 Gr Isdin;ISDIN COLOMBIA S.A.S.;25 DE February;25%
;SAN VALENTIN;65094;Hyaluronic Concetrate X 30 Ml Isdin;ISDIN COLOMBIA S.A.S.;25 DE February;25%
;SAN VALENTIN;65095;Fotoultra Age Repair Color Spf 50+ X 50 Ml;ISDIN COLOMBIA S.A.S.;25 DE February;25%
;SAN VALENTIN;65096;Fotoprotector Fusion Gel Sport Spf 50+ X 100 Ml Isdin;ISDIN COLOMBIA S.A.S.;25 DE February;25%
;SAN VALENTIN;65101;Glicoisdin 8 Soft Crema X 50 Gr Isdin;ISDIN COLOMBIA S.A.S.;25 DE February;25%
;SAN VALENTIN;65102;Glicoisdin 15 Moderate Crema X 50 Gr Isdin;ISDIN COLOMBIA S.A.S.;25 DE February;25%
;SAN VALENTIN;65103;Glicoisdin 10 Soft Gel X 50 Gr Isdin;ISDIN COLOMBIA S.A.S.;25 DE February;25%
;SAN VALENTIN;65104;Glicoisdin 15 Moderate Gel X 50 Gr Isdin;ISDIN COLOMBIA S.A.S.;25 DE February;25%
;SAN VALENTIN;65105;Glicoisdin 25 Intense Gel X 50 Gr Isdin;ISDIN COLOMBIA S.A.S.;25 DE February;25%
;SAN VALENTIN;65106;Fotoprotector Uv Mineral Sun Brush Spf 50+ X 2 Gr Isdin;ISDIN COLOMBIA S.A.S.;25 DE February;25%
;SAN VALENTIN;65110;Isdinceutics Flavo C Forte 3 Frascos X 5.3 Ml Isdin;ISDIN COLOMBIA S.A.S.;25 DE February;25%
;SAN VALENTIN;65111;Fotoprotector Oil Control Fusion Water Color Light X 50 Ml Isdin;ISDIN COLOMBIA S.A.S.;25 DE February;25%
;SAN VALENTIN;65112;Fotoprotector Oil Control Fusion Water Color Bronze X 50Ml Isdin;ISDIN COLOMBIA S.A.S.;25 DE February;25%
;SAN VALENTIN;65113;Isdinceutics Flavo C Forte 1 Frasco X 5.3 Ml Isdin;ISDIN COLOMBIA S.A.S.;25 DE February;25%
;SAN VALENTIN;65115;Isdinceutics Essential Cleansing X 200 Ml Isdin;ISDIN COLOMBIA S.A.S.;25 DE February;25%
;SAN VALENTIN;65117;Woman Crema Antiestrias X 250 Ml Isdin;ISDIN COLOMBIA S.A.S.;25 DE February;25%
;SAN VALENTIN;65118;Woman Crema Reafirmante X 200 Ml Isdin;ISDIN COLOMBIA S.A.S.;25 DE February;25%
;SAN VALENTIN;65120;Teen Skin Acniben Body Spray X 150 ML ISdin;ISDIN COLOMBIA S.A.S.;25 DE February;25%
;SAN VALENTIN;65122;Fotoprotector Spray Wet Skin Spf 50 + X 250 Ml Isdin;ISDIN COLOMBIA S.A.S.;25 DE February;25%
;SAN VALENTIN;65124;Isdinceutics Retinal Intense X 50 Ml Isdin;ISDIN COLOMBIA S.A.S.;25 DE February;25%
;SAN VALENTIN;65126;Reparador Labial Fluido Con Acido Hialuronico X 10 ML Isdin;ISDIN COLOMBIA S.A.S.;25 DE February;25%
;SAN VALENTIN;65127;Ureadin 10 Locion X 1000 Ml Isdin;ISDIN COLOMBIA S.A.S.;25 DE February;25%
;SAN VALENTIN;74011;Capri Syndet Ducha X 500 Ml;ISDIN COLOMBIA S.A.S.;25 DE February;25%
;SAN VALENTIN;65124;Isdinceutics Retinal Intense X 50 Ml Isdin;ISDIN COLOMBIA S.A.S.;25 DE February;25%
;SAN VALENTIN;26037;Agua Thermal X 150 Ml Avene;AVENE;25 DE February;25%
;SAN VALENTIN;26038;Agua Thermal X 300 Ml Avene;AVENE;25 DE February;25%
;SAN VALENTIN;26287;Agua Thermal X 50 Ml Avene;AVENE;25 DE February;25%
;SAN VALENTIN;26039;Akerat Crema Corporal X 200 Ml Avene;AVENE;25 DE February;25%
;SAN VALENTIN;26575;A-Oxitive Aqua Crema De Dia Y Noche X 30 Ml Avene;AVENE;25 DE February;25%
;SAN VALENTIN;26640;A-Oxitive Contorno De Ojos X 15 Ml Avene;AVENE;25 DE February;25%
;SAN VALENTIN;26641;A-Oxitive Noche Peeling X 30 Ml Avene;AVENE;25 DE February;25%
;SAN VALENTIN;26576;A-Oxitive Suero X 30 Ml Avene;AVENE;25 DE February;25%
;SAN VALENTIN;26655;Avene Solar Antiedad Con Color Spf 50+ 50 Ml;AVENE;25 DE February;25%
;SAN VALENTIN;26525;Avene Solar Antiedad Emulsion Spf50+ X 50 Ml;AVENE;25 DE February;25%
;SAN VALENTIN;26577;Avene Solar Cleanance 50+ X 50 Ml;AVENE;25 DE February;25%
;SAN VALENTIN;26669;Avene Solar Cleanance Color Spf 50+ X 50 Ml;AVENE;25 DE February;25%
;SAN VALENTIN;26372;Avene Solar Compacto Arena Spf 50 X 10 Gr;AVENE;25 DE February;25%
;SAN VALENTIN;26074;Avene Solar Compacto Dore Spf 50 X 10 Gr;AVENE;25 DE February;25%
;SAN VALENTIN;26578;Avene Solar Crema Color 50+X 50 Ml;AVENE;25 DE February;25%
;SAN VALENTIN;26077;Avene Solar Crema Pantallas Fisicas Spf 50 X 50 Ml;AVENE;25 DE February;25%
;SAN VALENTIN;26076;Avene Solar Crema Spf 50 + X 50 Ml;AVENE;25 DE February;25%
;SAN VALENTIN;26536;Avene Solar Fluido Mineral Spf 50+ Sin Color X 40 Ml (Línea Blanca);AVENE;25 DE February;25%
;SAN VALENTIN;26518;Avene Solar Fluido Mineral Tinte 50+ X 40 Ml;AVENE;25 DE February;25%
;SAN VALENTIN;26656;Avene Solar Fluido Sport 50+ 100 Ml;AVENE;25 DE February;25%
;SAN VALENTIN;26541;Avene Solar Fluido Tinte Spf 50+ X 50 Ml;AVENE;25 DE February;25%
;SAN VALENTIN;26704;Avene Solar Intense Protect Spf 50+ X 150 Ml;AVENE;25 DE February;25%
;SAN VALENTIN;26078;Avene Solar Leche Spf 50+ X 100 Ml;AVENE;25 DE February;25%
;SAN VALENTIN;26211;Avene Solar Leche Pantalla 50+ X 100 Ml;AVENE;25 DE February;25%
;SAN VALENTIN;26420;Avene Solar Leche Spf 50+ Niños X 100 Ml;AVENE;25 DE February;25%
;SAN VALENTIN;26579;Avene Solar Ln Fluido Spf 50+ X 50 Ml Avene;AVENE;25 DE February;25%
;SAN VALENTIN;26574;Avene Solar Mat Perfect Color Fluido Spf 50+ X 50 Ml;AVENE;25 DE February;25%
;SAN VALENTIN;26111;Avene Solar Spray 50+ X 200 Ml;AVENE;25 DE February;25%
;SAN VALENTIN;26079;Avene Solar Spray Spf 50 Niños X 200 Ml;AVENE;25 DE February;25%
;SAN VALENTIN;26573;Avene Solar Ultramat Fluido 50+ X 50 Ml;AVENE;25 DE February;25%
;SAN VALENTIN;26623;Cicalfate Balsamo Labios X 10 Ml Avene;AVENE;25 DE February;25%
;SAN VALENTIN;26625;Cicalfate Crema De Manos X 100 Ml Avene;AVENE;25 DE February;25%
;SAN VALENTIN;26238;Cicalfate Locion X 40 Ml Avene;AVENE;25 DE February;25%
;SAN VALENTIN;26671;Cicalfate Plus Crema X 100 Ml Avene;AVENE;25 DE February;25%
;SAN VALENTIN;26667;Cicalfate Plus Crema X 40 Ml Avene;AVENE;25 DE February;25%
;SAN VALENTIN;26670;Cicalfate Plus Spray X 100 Ml;AVENE;25 DE February;25%
;SAN VALENTIN;26418;Cleanance Barra X 100 Gr Avene;AVENE;25 DE February;25%
;SAN VALENTIN;26699;Cleanance Comedomed Sos X 15 Ml Avene;AVENE;25 DE February;25%
;SAN VALENTIN;26658;Cleanance Comedomed X 30 Ml Avene;AVENE;25 DE February;25%
;SAN VALENTIN;26675;Cleanance Emulsion Matificante Cuidado Dia X 40Ml Avene;AVENE;25 DE February;25%
;SAN VALENTIN;26045;Cleanance Emulsion Matificante X 40 Ml Avene;AVENE;25 DE February;25%
;SAN VALENTIN;26460;Cleanance Expert X 40Ml Avene;AVENE;25 DE February;25%
;SAN VALENTIN;26583;Cleanance Expert Color X 40Ml Avene;AVENE;25 DE February;25%
;SAN VALENTIN;26622;Cleanance Gel Lim 400Ml Avene;AVENE;25 DE February;25%
;SAN VALENTIN;26046;Cleanance Gel Limpiador 200 Ml Avene;AVENE;25 DE February;25%
;SAN VALENTIN;26458;Cleanance Hydra (Crema Calmante) X 40Ml Avene;AVENE;25 DE February;25%
;SAN VALENTIN;26491;Cleanance Locion Micelar X 100Ml Avene;AVENE;25 DE February;25%
;SAN VALENTIN;26674;Cleanance Woman Noche Lissant X 30 Ml Avene;AVENE;25 DE February;25%
;SAN VALENTIN;26047;Crema Nutritiva Compensadora X 50 Ml Avene;AVENE;25 DE February;25%
;SAN VALENTIN;26389;Crema Pieles Intolerantes Defi X 50 Ml Avene;AVENE;25 DE February;25%
;SAN VALENTIN;26327;D Pigment Legere X 30 Ml Avene;AVENE;25 DE February;25%
;SAN VALENTIN;26614;Dermabsolu Contorno De Ojos X 15 Ml Avene;AVENE;25 DE February;25%
;SAN VALENTIN;26613;Dermabsolu Crema De Dia X 40 Ml Avene;AVENE;25 DE February;25%
;SAN VALENTIN;26611;Dermabsolu Noche X 40 Ml Avene;AVENE;25 DE February;25%
;SAN VALENTIN;26612;Dermabsolu Serum X 30 Ml Avene;AVENE;25 DE February;25%
;SAN VALENTIN;26059;Espuma De Afeitar X 200 Ml Avene;AVENE;25 DE February;25%
;SAN VALENTIN;26400;Espuma Limpiadora Mousse Nettoyante X 150 Ml Avene;AVENE;25 DE February;25%
;SAN VALENTIN;26619;Fluido Mineral Sin Color Avene;AVENE;25 DE February;25%
;SAN VALENTIN;26056;Hidratante Legere X 40 Ml Avene;AVENE;25 DE February;25%
;SAN VALENTIN;26654;Hydrance Aqua-Gel Crema Hidratante X 50 Ml Avene;AVENE;25 DE February;25%
;SAN VALENTIN;26652;Hydrance Crema Hidratante Uv Riche Spf30 X 40 Ml Avene;AVENE;25 DE February;25%
;SAN VALENTIN;26651;Hydrance Hidratante Uv Legere Spf 30 X 40 Ml Avene;AVENE;25 DE February;25%
;SAN VALENTIN;26417;Hydrance Optimale Intense Serum X 30 Ml Avene;AVENE;25 DE February;25%
;SAN VALENTIN;26102;Leche Desmaquillante X 200 Ml Avene;AVENE;25 DE February;25%
;SAN VALENTIN;26679;Locion Micelar Cleanance X 400 Ml Avene;AVENE;25 DE February;25%
;SAN VALENTIN;26237;Locion Micelar X 200 Ml Avene;AVENE;25 DE February;25%
;SAN VALENTIN;26402;Locion Micelar X 400Ml Avene;AVENE;25 DE February;25%
;SAN VALENTIN;26161;Locion Pieles Intolerantes X 200Ml Avene;AVENE;25 DE February;25%
;SAN VALENTIN;26637;Locion Tonica X 200 Ml Avene;AVENE;25 DE February;25%
;SAN VALENTIN;26471;Physiolift Balsamo Noche X 30 Ml Avene;AVENE;25 DE February;25%
;SAN VALENTIN;26474;Physiolift Crema Dia X 30 Ml Avene;AVENE;25 DE February;25%
;SAN VALENTIN;26472;Physiolift Emulsion Dia X 30Ml Avene;AVENE;25 DE February;25%
;SAN VALENTIN;26475;Physiolift Ojos X 15 Ml Avene;AVENE;25 DE February;25%
;SAN VALENTIN;26665;Physiolift Ojos X 15Ml + Agua Thermal X 300Ml Avene;AVENE;25 DE February;25%
;SAN VALENTIN;26473;Physiolift Precision X 15Ml Avene;AVENE;25 DE February;25%
;SAN VALENTIN;26638;Physiolift Serum X 30 Ml Avene;AVENE;25 DE February;25%
;SAN VALENTIN;26636;Soin Contorno De Ojos X 15 Ml Cuidado Desfatigante Avene;AVENE;25 DE February;25%
;SAN VALENTIN;26697;Tolerancia Control Crema X 40 Ml Avene;AVENE;25 DE February;25%
;SAN VALENTIN;26220;Tolerancia Extrema Crema X 50Ml Avene;AVENE;25 DE February;25%
;SAN VALENTIN;26696;Tolerancia Locion Limpiadora X 200 Ml Avene;AVENE;25 DE February;25%
;SAN VALENTIN;26526;Triacneal Expert X 30Ml Avene;AVENE;25 DE February;25%
;SAN VALENTIN;26628;Trixera Barra Lampiadora 100 Gr Avene;AVENE;25 DE February;25%
;SAN VALENTIN;26527;Trixera Lait Nutri-Fluido X 200Ml Avene;AVENE;25 DE February;25%
;SAN VALENTIN;26401;Xeracalm A.D Aceite Limpiador X 400Ml Avene;AVENE;25 DE February;25%
;SAN VALENTIN;26398;Xeracalm A.D Baume Defi X 200Ml Avene;AVENE;25 DE February;25%
;SAN VALENTIN;26716;Gel Micelar Desmaquillante X 200 Ml Avene;AVENE;25 DE February;25%
;SAN VALENTIN;26719;Crema De Noche Multi-Intensiva Hyaluron Activ B3 X 40 Ml Avene;AVENE;25 DE February;25%
;SAN VALENTIN;26720;Crema De Dia Hyaluron Activ B3 X 50 Ml Avene;AVENE;25 DE February;25%
;SAN VALENTIN;26721;Repuesto Crema De Dia Hyaluron Activ B3 X 50 Ml Avene;AVENE;25 DE February;25%
;SAN VALENTIN;26722;Serum Concentrado Voluminizador Hyaluron Activ B3 X 30 Ml Avene;AVENE;25 DE February;25%
;SAN VALENTIN;26399;Xeracalm A.D Crema Defi X 200 Ml Avene;AVENE;25 DE February;25%
;SAN VALENTIN;26662;Xeracalm Ad Concentrada Calmante X 50 Ml Avene;AVENE;25 DE February;25%
;SAN VALENTIN;26724;Extra Doux Shampoo Dermoprotector X 400 Ml Ducray;AVENE;25 DE February;25%
;SAN VALENTIN;26221;Anacaps X 60 Caps Ducray;DUCRAY;25 DE February;25%
;SAN VALENTIN;26510;Anaphase Acondicionador Ducray X 200 Ml Ducray;DUCRAY;25 DE February;25%
;SAN VALENTIN;26258;Anaphase Shampu X 200 Ml Ducray;DUCRAY;25 DE February;25%
;SAN VALENTIN;26629;Anaphase Shampu X 400 Ml Ducray;DUCRAY;25 DE February;25%
;SAN VALENTIN;26403;Creastim Locion Anticaida X 2 X 30 Ml Ducray;DUCRAY;25 DE February;25%
;SAN VALENTIN;26090;Elucion Champu X 200 Ml Ducray;DUCRAY;25 DE February;25%
;SAN VALENTIN;26364;Kelual Ds Crema Queratorreductora X 40 Ml Ducray;DUCRAY;25 DE February;25%
;SAN VALENTIN;26093;Kelual Ds Shampo X 100 Ml Ducray;DUCRAY;25 DE February;25%
;SAN VALENTIN;26540;Keracnyl Control Crema 30 Ml Ducray;DUCRAY;25 DE February;25%
;SAN VALENTIN;26630;Keracnyl Gel 400 Ml Ducray;DUCRAY;25 DE February;25%
;SAN VALENTIN;26534;Keracnyl Gel X 200 Ml Ducray;DUCRAY;25 DE February;25%
;SAN VALENTIN;26698;Keracnyl Glycolic+ X 30Ml Ducray;DUCRAY;25 DE February;25%
;SAN VALENTIN;26535;Keracnyl Pp X 30 Ml Ducray;DUCRAY;25 DE February;25%
;SAN VALENTIN;26659;Kertyol Pso Shampoo Reequilibrante X 200 Ml;DUCRAY;25 DE February;25%
;SAN VALENTIN;26501;Melascreen Crema De Noche X 50Ml Ducray;DUCRAY;25 DE February;25%
;SAN VALENTIN;26178;Melascreen Despigmentante X 30Ml Ducray;DUCRAY;25 DE February;25%
;SAN VALENTIN;26189;Melascreen Iluminador Spf 15 X 40Ml Ducray;DUCRAY;25 DE February;25%
;SAN VALENTIN;26502;Melascreen Riche Spf 50 X 40Ml Ducray;DUCRAY;25 DE February;25%
;SAN VALENTIN;26500;Melascreen Suero Global X 30Ml Ducray;DUCRAY;25 DE February;25%
;SAN VALENTIN;26533;Melascreen Uv Tacto Seco Spf 50 Crema Ligera X 40Ml Ducray;DUCRAY;25 DE February;25%
;SAN VALENTIN;26490;Neoptide Hombre Loción X 100Ml Ducray;DUCRAY;25 DE February;25%
;SAN VALENTIN;26222;Neoptide Locion X 3 C/U 30Ml Ducray;DUCRAY;25 DE February;25%
;SAN VALENTIN;26281;Nutricerat Shampoo X 200 Ducray;DUCRAY;25 DE February;25%
;SAN VALENTIN;26096;Sabal Champu X 200 Ml Ducray;DUCRAY;25 DE February;25%
;SAN VALENTIN;26363;Sensinol Champu Tratante X 200Ml Ducray;DUCRAY;25 DE February;25%
;SAN VALENTIN;26714;Creastim Loción Reactiv X 60 Ml Ducray;DUCRAY;25 DE February;25%
;SAN VALENTIN;26715;Keracnyl Serum X 30 Ml Ducray;DUCRAY;25 DE February;25%
;SAN VALENTIN;26723;Neoptide Expert Ducray X 50 Ml;DUCRAY;25 DE February;25%
;;;;;;
;;;;;;
;;;;;;
;;;;;;
;;;;;;
;;;;;;
;;;;;;
;;;;;;
;;;;;;
;;;;;;
;;;;;;
;;;;;;
;;;;;;
;;;;;;
;;;;;;
;;;;;;
;;;;;;
;;;;;;
;;;;;;
;;;;;;
;;;;;;
;;;;;;
;;;;;;
;;;;;;
;;;;;;
;;;;;;
;;;;;;
;;;;;;
;;;;;;
;;;;;;
;;;;;;
;;;;;;
;;;;;;
;;;;;;
;;;;;;
;;;;;;
;;;;;;
;;;;;;
;;;;;;
;;;;;;
;;;;;;
;;;;;;
;;;;;;
;;;;;;
;;;;;;
;;;;;;
;;;;;;
;;;;;;
;;;;;;
;;;;;;
;;;;;;
;;;;;;
;;;;;;
;;;;;;
;;;;;;
;;;;;;
;;;;;;
;;;;;;
;;;;;;
;;;;;;
;;;;;;
;;;;;;
;;;;;;
;;;;;;
;;;;;;
;;;;;;
;;;;;;
;;;;;;
;;;;;;
;;;;;;
;;;;;;
;;;;;;
;;;;;;
;;;;;;
;;;;;;
;;;;;;
;;;;;;
;;;;;;
;;;;;;
;;;;;;
;;;;;;
;;;;;;
;;;;;;
;;;;;;
;;;;;;
;;;;;;
;;;;;;
;;;;;;
;;;;;;
;;;;;;
;;;;;;
;;;;;;
;;;;;;
;;;;;;
;;;;;;
;;;;;;
;;;;;;
;;;;;;
;;;;;;
;;;;;;
;;;;;;
;;;;;;
;;;;;;
;;;;;;
;;;;;;
;;;;;;
;;;;;;
;;;;;;
;;;;;;
;;;;;;
;;;;;;
;;;;;;
;;;;;;
;;;;;;
;;;;;;
;;;;;;
;;;;;;
;;;;;;
;;;;;;
;;;;;;
;;;;;;
;;;;;;
;;;;;;
;;;;;;
;;;;;;
;;;;;;
;;;;;;
;;;;;;
;;;;;;
;;;;;;
;;;;;;
;;;;;;
;;;;;;
;;;;;;
;;;;;;
;;;;;;
;;;;;;
;;;;;;
;;;;;;
;;;;;;
;;;;;;
;;;;;;
;;;;;;
;;;;;;
;;;;;;
;;;;;;
;;;;;;
;;;;;;
;;;;;;
;;;;;;
;;;;;;
;;;;;;
;;;;;;
;;;;;;
;;;;;;
;;;;;;
;;;;;;
;;;;;;
;;;;;;
;;;;;;
;;;;;;
;;;;;;
;;;;;;
;;;;;;
;;;;;;
;;;;;;
;;;;;;
;;;;;;
;;;;;;
;;;;;;
;;;;;;
;;;;;;
;;;;;;
;;;;;;
;;;;;;
;;;;;;
;;;;;;
;;;;;;
;;;;;;
;;;;;;
;;;;;;
;;;;;;
;;;;;;
;;;;;;
;;;;;;
;;;;;;
;;;;;;
;;;;;;
;;;;;;
;;;;;;
;;;;;;
;;;;;;
;;;;;;
;;;;;;
;;;;;;
;;;;;;
;;;;;;
;;;;;;
;;;;;;
;;;;;;
;;;;;;
;;;;;;
;;;;;;
;;;;;;
;;;;;;
;;;;;;
;;;;;;
;;;;;;
;;;;;;
;;;;;;
;;;;;;
;;;;;;
;;;;;;
;;;;;;
;;;;;;
;;;;;;
;;;;;;
;;;;;;
;;;;;;
;;;;;;
;;;;;;
;;;;;;
;;;;;;
;;;;;;
;;;;;;
;;;;;;
;;;;;;
;;;;;;
;;;;;;
;;;;;;
;;;;;;
;;;;;;
;;;;;;
;;;;;;
;;;;;;
;;;;;;
;;;;;;
;;;;;;
;;;;;;
;;;;;;
;;;;;;
;;;;;;
;;;;;;
;;;;;;
;;;;;;
;;;;;;
;;;;;;
;;;;;;
;;;;;;
;;;;;;
;;;;;;
;;;;;;
;;;;;;
;;;;;;
;;;;;;
;;;;;;
;;;;;;
;;;;;;
;;;;;;
;;;;;;
;;;;;;
;;;;;;
;;;;;;
;;;;;;
;;;;;;
;;;;;;
;;;;;;
;;;;;;
;;;;;;
;;;;;;
;;;;;;
;;;;;;
;;;;;;
;;;;;;
;;;;;;
;;;;;;
;;;;;;
;;;;;;
;;;;;;
;;;;;;
;;;;;;
;;;;;;
;;;;;;
;;;;;;
;;;;;;
;;;;;;
;;;;;;
;;;;;;
;;;;;;
;;;;;;
;;;;;;
;;;;;;
;;;;;;
;;;;;;
;;;;;;
;;;;;;
;;;;;;
;;;;;;
;;;;;;
;;;;;;
;;;;;;
;;;;;;
;;;;;;
;;;;;;
;;;;;;
;;;;;;
;;;;;;
;;;;;;
;;;;;;
;;;;;;
;;;;;;
;;;;;;
;;;;;;
;;;;;;
;;;;;;
;;;;;;
;;;;;;
;;;;;;
;;;;;;
;;;;;;
;;;;;;
;;;;;;
;;;;;;
;;;;;;
;;;;;;
;;;;;;
;;;;;;
;;;;;;
;;;;;;
;;;;;;
;;;;;;
;;;;;;
;;;;;;
;;;;;;
;;;;;;
;;;;;;
;;;;;;
;;;;;;
;;;;;;
;;;;;;
;;;;;;
;;;;;;
;;;;;;
;;;;;;
;;;;;;
;;;;;;
;;;;;;
;;;;;;
;;;;;;
;;;;;;
;;;;;;
;;;;;;
;;;;;;
;;;;;;
;;;;;;
;;;;;;
;;;;;;
;;;;;;
;;;;;;
;;;;;;
;;;;;;
;;;;;;
;;;;;;
;;;;;;
;;;;;;
;;;;;;
;;;;;;
;;;;;;
;;;;;;
;;;;;;
;;;;;;
;;;;;;
;;;;;;
;;;;;;
;;;;;;
;;;;;;
;;;;;;
;;;;;;
;;;;;;
;;;;;;
;;;;;;
;;;;;;
;;;;;;
;;;;;;
;;;;;;
;;;;;;
;;;;;;
;;;;;;
;;;;;;
;;;;;;
;;;;;;
;;;;;;
;;;;;;
;;;;;;
;;;;;;
;;;;;;
;;;;;;
;;;;;;
;;;;;;
;;;;;;
;;;;;;
;;;;;;
;;;;;;
;;;;;;
;;;;;;
;;;;;;
;;;;;;
;;;;;;
;;;;;;
;;;;;;
;;;;;;
;;;;;;
;;;;;;
;;;;;;
;;;;;;
;;;;;;
;;;;;;
;;;;;;
;;;;;;
;;;;;;
;;;;;;
;;;;;;
;;;;;;
;;;;;;
;;;;;;
;;;;;;
;;;;;;
;;;;;;
;;;;;;
;;;;;;
;;;;;;
;;;;;;
;;;;;;
;;;;;;
;;;;;;
;;;;;;
;;;;;;
;;;;;;
;;;;;;
;;;;;;
;;;;;;
;;;;;;
;;;;;;
;;;;;;
;;;;;;
;;;;;;
;;;;;;
;;;;;;
;;;;;;
;;;;;;
;;;;;;
;;;;;;
;;;;;;
;;;;;;
;;;;;;
;;;;;;
;;;;;;
;;;;;;
;;;;;;
;;;;;;
;;;;;;
;;;;;;
;;;;;;
;;;;;;
;;;;;;
;;;;;;
;;;;;;
;;;;;;
;;;;;;
;;;;;;
;;;;;;
;;;;;;
;;;;;;
;;;;;;
;;;;;;
;;;;;;
;;;;;;
;;;;;;
;;;;;;
;;;;;;
;;;;;;
;;;;;;
;;;;;;
;;;;;;
;;;;;;
;;;;;;
;;;;;;
;;;;;;
;;;;;;
;;;;;;
;;;;;;
;;;;;;
;;;;;;
;;;;;;
;;;;;;
;;;;;;
;;;;;;
;;;;;;
;;;;;;
;;;;;;
;;;;;;
;;;;;;
;;;;;;
;;;;;;
;;;;;;
;;;;;;
;;;;;;
;;;;;;
;;;;;;
;;;;;;
;;;;;;
;;;;;;
;;;;;;
;;;;;;
;;;;;;
;;;;;;
;;;;;;
;;;;;;
;;;;;;
;;;;;;
;;;;;;
;;;;;;
;;;;;;
;;;;;;
;;;;;;
;;;;;;
;;;;;;
;;;;;;
;;;;;;
;;;;;;
;;;;;;
;;;;;;
;;;;;;
;;;;;;
;;;;;;
;;;;;;
;;;;;;
;;;;;;
;;;;;;
;;;;;;
;;;;;;
;;;;;;
;;;;;;
;;;;;;
;;;;;;
;;;;;;
;;;;;;
;;;;;;
;;;;;;
;;;;;;
;;;;;;
;;;;;;
;;;;;;
;;;;;;
;;;;;;
;;;;;;
;;;;;;
;;;;;;
;;;;;;
;;;;;;
;;;;;;
;;;;;;
;;;;;;
;;;;;;
;;;;;;
;;;;;;
;;;;;;
;;;;;;
;;;;;;
;;;;;;
;;;;;;
;;;;;;
;;;;;;
;;;;;;
;;;;;;
;;;;;;
;;;;;;
;;;;;;
;;;;;;
;;;;;;
;;;;;;
;;;;;;
;;;;;;
;;;;;;
;;;;;;
;;;;;;
;;;;;;
;;;;;;
;;;;;;
;;;;;;
;;;;;;
;;;;;;
;;;;;;
;;;;;;
;;;;;;
;;;;;;
;;;;;;
;;;;;;
;;;;;;
;;;;;;
;;;;;;
;;;;;;
;;;;;;
;;;;;;
;;;;;;
;;;;;;
;;;;;;
;;;;;;
;;;;;;
;;;;;;
;;;;;;
;;;;;;
;;;;;;
;;;;;;
;;;;;;
;;;;;;
;;;;;;
;;;;;;
;;;;;;
;;;;;;
;;;;;;
;;;;;;
;;;;;;
;;;;;;
;;;;;;
;;;;;;
;;;;;;
;;;;;;
;;;;;;
;;;;;;
;;;;;;
;;;;;;
;;;;;;
;;;;;;
;;;;;;
;;;;;;
;;;;;;
;;;;;;
;;;;;;
;;;;;;
;;;;;;
;;;;;;
;;;;;;
;;;;;;
;;;;;;
;;;;;;
;;;;;;
;;;;;;
;;;;;;
;;;;;;
;;;;;;
;;;;;;
;;;;;;
;;;;;;
;;;;;;
;;;;;;
;;;;;;
;;;;;;
;;;;;;
;;;;;;
;;;;;;
;;;;;;
;;;;;;
;;;;;;
;;;;;;
;;;;;;
;;;;;;
;;;;;;
;;;;;;
;;;;;;
;;;;;;
;;;;;;
;;;;;;
;;;;;;
;;;;;;
;;;;;;
;;;;;;
;;;;;;
;;;;;;
;;;;;;
;;;;;;
;;;;;;
;;;;;;
;;;;;;
;;;;;;
;;;;;;
;;;;;;
;;;;;;
;;;;;;
;;;;;;
;;;;;;
;;;;;;
;;;;;;
;;;;;;
;;;;;;
;;;;;;
;;;;;;
;;;;;;
;;;;;;
;;;;;;
;;;;;;
;;;;;;
;;;;;;
;;;;;;
;;;;;;
;;;;;;
;;;;;;
;;;;;;
;;;;;;
;;;;;;
;;;;;;
;;;;;;
;;;;;;
;;;;;;
;;;;;;
;;;;;;
;;;;;;
;;;;;;
;;;;;;
;;;;;;
;;;;;;
;;;;;;
;;;;;;
;;;;;;
;;;;;;
;;;;;;
;;;;;;
;;;;;;
;;;;;;
;;;;;;
;;;;;;
;;;;;;
;;;;;;
;;;;;;
;;;;;;
;;;;;;
;;;;;;
;;;;;;
;;;;;;
;;;;;;
;;;;;;
;;;;;;
;;;;;;
;;;;;;
;;;;;;
;;;;;;
;;;;;;
;;;;;;
;;;;;;
;;;;;;
;;;;;;
;;;;;;
;;;;;;
;;;;;;
;;;;;;
;;;;;;
;;;;;;
;;;;;;
;;;;;;
;;;;;;
;;;;;;
;;;;;;
;;;;;;
;;;;;;
;;;;;;
;;;;;;
;;;;;;
;;;;;;
;;;;;;
;;;;;;
;;;;;;
;;;;;;
;;;;;;
;;;;;;
;;;;;;
;;;;;;
;;;;;;
;;;;;;
;;;;;;
;;;;;;
;;;;;;
;;;;;;
;;;;;;
;;;;;;
;;;;;;
;;;;;;
;;;;;;
;;;;;;
;;;;;;
;;;;;;
;;;;;;
;;;;;;
;;;;;;
;;;;;;
;;;;;;
;;;;;;
;;;;;;
;;;;;;
;;;;;;
;;;;;;
;;;;;;
;;;;;;
;;;;;;
;;;;;;
;;;;;;
;;;;;;
;;;;;;
;;;;;;
;;;;;;
;;;;;;
;;;;;;
;;;;;;
;;;;;;
;;;;;;
;;;;;;
;;;;;;
;;;;;;
;;;;;;
;;;;;;
;;;;;;
;;;;;;
;;;;;;
;;;;;;
;;;;;;
;;;;;;
;;;;;;
;;;;;;
;;;;;;
;;;;;;
;;;;;;
;;;;;;
;;;;;;
;;;;;;
;;;;;;
;;;;;;
;;;;;;
;;;;;;
;;;;;;
;;;;;;
;;;;;;
;;;;;;
;;;;;;
;;;;;;
;;;;;;
;;;;;;
;;;;;;
;;;;;;
;;;;;;
;;;;;;
;;;;;;
;;;;;;
;;;;;;
;;;;;;
;;;;;;
;;;;;;
;;;;;;
;;;;;;
;;;;;;
;;;;;;
;;;;;;
;;;;;;
;;;;;;
;;;;;;
;;;;;;
;;;;;;
;;;;;;
;;;;;;
;;;;;;
;;;;;;
;;;;;;
;;;;;;
;;;;;;
;;;;;;
;;;;;;
;;;;;;
;;;;;;
;;;;;;
;;;;;;
;;;;;;
;;;;;;
;;;;;;
;;;;;;
;;;;;;
;;;;;;
;;;;;;
;;;;;;
;;;;;;
;;;;;;
;;;;;;
;;;;;;
;;;;;;
;;;;;;
;;;;;;
;;;;;;
;;;;;;
;;;;;;
;;;;;;
;;;;;;
;;;;;;
;;;;;;
;;;;;;
;;;;;;
;;;;;;
;;;;;;
;;;;;;
;;;;;;
;;;;;;
;;;;;;
;;;;;;
;;;;;;
;;;;;;
;;;;;;
;;;;;;
;;;;;;
;;;;;;
;;;;;;
;;;;;;
;;;;;;
;;;;;;
;;;;;;
;;;;;;
;;;;;;
;;;;;;
;;;;;;
;;;;;;
;;;;;;
;;;;;;
;;;;;;
;;;;;;
;;;;;;
;;;;;;
;;;;;;
;;;;;;
;;;;;;
;;;;;;
;;;;;;
;;;;;;
;;;;;;
;;;;;;
;;;;;;
;;;;;;
;;;;;;
;;;;;;
;;;;;;
;;;;;;
;;;;;;
;;;;;;
;;;;;;
;;;;;;
;;;;;;
;;;;;;
;;;;;;
;;;;;;
;;;;;;
;;;;;;
;;;;;;
;;;;;;
;;;;;;
;;;;;;
;;;;;;
;;;;;;
;;;;;;
;;;;;;
;;;;;;
;;;;;;
;;;;;;
;;;;;;
;;;;;;
;;;;;;
;;;;;;
;;;;;;
;;;;;;
;;;;;;
;;;;;;
;;;;;;
;;;;;;
;;;;;;
;;;;;;
;;;;;;
;;;;;;
;;;;;;
;;;;;;
;;;;;;
;;;;;;
;;;;;;
;;;;;;
;;;;;;
;;;;;;
;;;;;;
;;;;;;
;;;;;;
;;;;;;
;;;;;;
;;;;;;
;;;;;;
;;;;;;
;;;;;;
;;;;;;
;;;;;;
;;;;;;
;;;;;;
;;;;;;
;;;;;;
;;;;;;
;;;;;;
;;;;;;
;;;;;;
;;;;;;
;;;;;;
;;;;;;
;;;;;;
;;;;;;
;;;;;;
;;;;;;
;;;;;;
;;;;;;
;;;;;;
;;;;;;
;;;;;;
;;;;;;
;;;;;;
;;;;;;
;;;;;;
;;;;;;
;;;;;;
;;;;;;
;;;;;;
;;;;;;
;;;;;;
;;;;;;
;;;;;;
;;;;;;
;;;;;;
;;;;;;
;;;;;;
;;;;;;
;;;;;;
;;;;;;
;;;;;;
;;;;;;
;;;;;;
;;;;;;
;;;;;;
;;;;;;
;;;;;;
;;;;;;
;;;;;;
;;;;;;
;;;;;;
;;;;;;
;;;;;;
;;;;;;
;;;;;;
;;;;;;
;;;;;;
;;;;;;
;;;;;;
;;;;;;
;;;;;;
;;;;;;
;;;;;;
;;;;;;
;;;;;;
;;;;;;
;;;;;;
;;;;;;
;;;;;;
;;;;;;
;;;;;;
;;;;;;
;;;;;;
;;;;;;
;;;;;;
;;;;;;
;;;;;;
;;;;;;
;;;;;;
;;;;;;
;;;;;;
;;;;;;
;;;;;;
;;;;;;
;;;;;;
;;;;;;
;;;;;;
;;;;;;
;;;;;;
;;;;;;
;;;;;;
;;;;;;
;;;;;;
;;;;;;
;;;;;;
;;;;;;
;;;;;;
;;;;;;
;;;;;;
;;;;;;
;;;;;;
;;;;;;
;;;;;;
;;;;;;
;;;;;;
;;;;;;
;;;;;;
;;;;;;
;;;;;;
;;;;;;
;;;;;;
;;;;;;
;;;;;;
;;;;;;
;;;;;;
;;;;;;
;;;;;;
;;;;;;
;;;;;;
;;;;;;
;;;;;;
;;;;;;
;;;;;;
;;;;;;
;;;;;;
;;;;;;
;;;;;;
;;;;;;
;;;;;;
;;;;;;
;;;;;;
;;;;;;
;;;;;;
;;;;;;
;;;;;;
;;;;;;
;;;;;;
;;;;;;
;;;;;;
;;;;;;
;;;;;;
;;;;;;
;;;;;;
;;;;;;
;;;;;;
;;;;;;
;;;;;;
;;;;;;
;;;;;;
;;;;;;
;;;;;;
;;;;;;
;;;;;;
;;;;;;
;;;;;;
;;;;;;
;;;;;;
;;;;;;
;;;;;;
;;;;;;
;;;;;;
;;;;;;
;;;;;;
;;;;;;
;;;;;;
;;;;;;
;;;;;;
;;;;;;
;;;;;;
;;;;;;
;;;;;;
;;;;;;
;;;;;;
;;;;;;
;;;;;;
;;;;;;
;;;;;;
;;;;;;
;;;;;;
;;;;;;
;;;;;;
;;;;;;
;;;;;;
;;;;;;
;;;;;;
;;;;;;
;;;;;;
;;;;;;
;;;;;;
;;;;;;
;;;;;;
;;;;;;
;;;;;;
;;;;;;
;;;;;;
;;;;;;
;;;;;;
;;;;;;
;;;;;;
;;;;;;
;;;;;;
;;;;;;
;;;;;;
;;;;;;
;;;;;;
;;;;;;
;;;;;;
;;;;;;
;;;;;;
;;;;;;
;;;;;;
;;;;;;
;;;;;;
;;;;;;
;;;;;;
;;;;;;
;;;;;;
;;;;;;
;;;;;;
;;;;;;
;;;;;;
;;;;;;
;;;;;;
;;;;;;
;;;;;;
;;;;;;
;;;;;;
;;;;;;
;;;;;;
;;;;;;
;;;;;;
;;;;;;
;;;;;;
;;;;;;
;;;;;;
;;;;;;
;;;;;;
;;;;;;
;;;;;;
;;;;;;
;;;;;;
;;;;;;
;;;;;;
;;;;;;
;;;;;;
;;;;;;
;;;;;;
;;;;;;
;;;;;;
;;;;;;
;;;;;;
;;;;;;
;;;;;;
;;;;;;
;;;;;;
;;;;;;
;;;;;;
;;;;;;
;;;;;;
;;;;;;
;;;;;;
;;;;;;
;;;;;;
;;;;;;
;;;;;;
;;;;;;
;;;;;;
;;;;;;
;;;;;;
;;;;;;
;;;;;;
;;;;;;
;;;;;;
;;;;;;
;;;;;;
;;;;;;
;;;;;;
;;;;;;
;;;;;;
;;;;;;
;;;;;;
;;;;;;
;;;;;;
;;;;;;
;;;;;;
;;;;;;
;;;;;;
;;;;;;
;;;;;;
;;;;;;
;;;;;;
;;;;;;
;;;;;;
;;;;;;
;;;;;;
;;;;;;
;;;;;;
;;;;;;
;;;;;;
;;;;;;
;;;;;;
;;;;;;
;;;;;;
;;;;;;
;;;;;;
;;;;;;
;;;;;;
;;;;;;
;;;;;;
;;;;;;
;;;;;;
;;;;;;
;;;;;;
;;;;;;
;;;;;;
;;;;;;
;;;;;;
;;;;;;
;;;;;;
;;;;;;
;;;;;;
;;;;;;
;;;;;;
;;;;;;
;;;;;;
;;;;;;
;;;;;;
;;;;;;
;;;;;;
;;;;;;
;;;;;;
;;;;;;
;;;;;;
;;;;;;
;;;;;;
;;;;;;
;;;;;;
;;;;;;
;;;;;;
;;;;;;
;;;;;;
;;;;;;
;;;;;;
;;;;;;
;;;;;;
;;;;;;
;;;;;;
;;;;;;
;;;;;;
;;;;;;
;;;;;;
;;;;;;
;;;;;;
;;;;;;
;;;;;;
;;;;;;
;;;;;;
;;;;;;
;;;;;;
;;;;;;
;;;;;;
;;;;;;
;;;;;;
;;;;;;
;;;;;;
;;;;;;
;;;;;;
;;;;;;
;;;;;;
;;;;;;
;;;;;;
;;;;;;
;;;;;;
;;;;;;
;;;;;;
;;;;;;
;;;;;;
;;;;;;
;;;;;;
;;;;;;
;;;;;;
;;;;;;
;;;;;;
;;;;;;
;;;;;;
;;;;;;
;;;;;;
;;;;;;
;;;;;;
;;;;;;
;;;;;;
;;;;;;
;;;;;;
;;;;;;
;;;;;;
;;;;;;